run_id,round,date,hour,datetime,year,month,day,day_of_week,season,load_mw,market_price,truthful_market_price,price_increase,total_generation_mw,total_consumer_payment,truthful_total_consumer_payment,consumer_payment_increase,total_production_cost,total_generator_profit,marginal_gen_id,marginal_firm_id,marginal_technology_group,backstop_dispatch_mw,backstop_dispatched
revised_v2_hourly_summer_high_daily_schedule_tarj_profit_max_openai_gpt-4.1_temp0p2_seed1,1,2020-07-01,1,2020-07-01 00:00:00,2020,7,1,Wednesday,summer,3892.5,28.20955554,28.20955554,0.0,3892.5,109805.69493945,109805.69493945,0.0,93192.34083939,16613.35410006001,118_CC_1,Firm_CC,Gas_CC,0.0,False
revised_v2_hourly_summer_high_daily_schedule_tarj_profit_max_openai_gpt-4.1_temp0p2_seed1,2,2020-07-01,2,2020-07-01 01:00:00,2020,7,1,Wednesday,summer,3736.1,28.092938940000003,28.092938940000003,0.0,3736.1,104958.02917373402,104958.02917373402,0.0,88785.71905487399,16172.310118860016,321_CC_1,Firm_CC,Gas_CC,0.0,False
revised_v2_hourly_summer_high_daily_schedule_tarj_profit_max_openai_gpt-4.1_temp0p2_seed1,3,2020-07-01,3,2020-07-01 02:00:00,2020,7,1,Wednesday,summer,3637.7,28.092938940000003,28.092938940000003,0.0,3637.7,102193.68398203801,102193.683982038,1.4551915228366852e-11,86021.37386317799,16172.310118860016,321_CC_1,Firm_CC,Gas_CC,0.0,False
revised_v2_hourly_summer_high_daily_schedule_tarj_profit_max_openai_gpt-4.1_temp0p2_seed1,4,2020-07-01,4,2020-07-01 03:00:00,2020,7,1,Wednesday,summer,3642.8,28.092938940000003,28.092938940000003,0.0,3642.8,102336.95797063202,102336.95797063202,0.0,86164.647851772,16172.310118860016,321_CC_1,Firm_CC,Gas_CC,0.0,False
revised_v2_hourly_summer_high_daily_schedule_tarj_profit_max_openai_gpt-4.1_temp0p2_seed1,5,2020-07-01,5,2020-07-01 04:00:00,2020,7,1,Wednesday,summer,3699.3,28.092938940000003,28.092938940000003,0.0,3699.3,103924.20902074201,103924.209020742,1.4551915228366852e-11,87751.898901882,16172.310118860016,321_CC_1,Firm_CC,Gas_CC,0.0,False
revised_v2_hourly_summer_high_daily_schedule_tarj_profit_max_openai_gpt-4.1_temp0p2_seed1,6,2020-07-01,6,2020-07-01 05:00:00,2020,7,1,Wednesday,summer,3892.2,31.030511094,28.20955554,2.820955554000001,3892.2,120776.9552800668,109797.232072788,10979.723207278803,93183.87797272799,27593.077307338808,118_CC_1,Firm_CC,Gas_CC,0.0,False
revised_v2_hourly_summer_high_daily_schedule_tarj_profit_max_openai_gpt-4.1_temp0p2_seed1,7,2020-07-01,7,2020-07-01 06:00:00,2020,7,1,Wednesday,summer,4269.1,35.864463525000005,28.691570820000003,7.172892705000002,4269.1,153108.98123457754,122487.18498766204,30621.796246915503,103879.73367424202,49229.247560335534,323_CC_1,Firm_CC,Gas_CC,0.0,False
revised_v2_hourly_summer_high_daily_schedule_tarj_profit_max_openai_gpt-4.1_temp0p2_seed1,8,2020-07-01,8,2020-07-01 07:00:00,2020,7,1,Wednesday,summer,4670.8,43.03735623,28.691570820000003,14.345785409999998,4670.8,201018.883479084,134012.588986056,67006.29449302799,115405.137672636,85613.74580644802,323_CC_2,Firm_CC,Gas_CC,0.0,False
revised_v2_hourly_summer_high_daily_schedule_tarj_profit_max_openai_gpt-4.1_temp0p2_seed1,9,2020-07-01,9,2020-07-01 08:00:00,2020,7,1,Wednesday,summer,5079.3,50.08465107999999,30.41360928,19.671041799999994,5079.3,254394.96823064398,154479.845615904,99915.12261473999,131037.078511722,123357.88971892196,316_STEAM_1,Firm_Coal,Coal,0.0,False
revised_v2_hourly_summer_high_daily_schedule_tarj_profit_max_openai_gpt-4.1_temp0p2_seed1,10,2020-07-01,10,2020-07-01 09:00:00,2020,7,1,Wednesday,summer,5449.4,63.97990735,30.84120348,33.13870387,5449.4,348652.10711308994,168066.054243912,180586.05286917795,140453.86514703598,208198.241966054,123_STEAM_3,Firm_Coal,Coal,0.0,False
revised_v2_hourly_summer_high_daily_schedule_tarj_profit_max_openai_gpt-4.1_temp0p2_seed1,11,2020-07-01,11,2020-07-01 10:00:00,2020,7,1,Wednesday,summer,5800.2,84.1579419,30.91117344,53.24676846,5800.2,488132.89460838,179290.988186688,308841.906421692,150043.23158397997,338089.6630244,101_STEAM_3,Firm_Coal,Coal,0.0,False
revised_v2_hourly_summer_high_daily_schedule_tarj_profit_max_openai_gpt-4.1_temp0p2_seed1,12,2020-07-01,12,2020-07-01 11:00:00,2020,7,1,Wednesday,summer,6075.1,111.93999847999999,40.20162924,71.73836923999998,6075.1,680046.684765848,244228.91779592403,435817.766969924,163509.793571182,516536.89119466586,116_STEAM_1,Firm_Coal,Coal,0.0,False
revised_v2_hourly_summer_high_daily_schedule_tarj_profit_max_openai_gpt-4.1_temp0p2_seed1,13,2020-07-01,13,2020-07-01 12:00:00,2020,7,1,Wednesday,summer,6323.1,201.0081462,44.2559997,156.7521465,6323.1,1270994.6092372201,279835.11170307,991159.4975341501,171145.70884598402,1099848.900391236,315_CT_7,Firm_CT,Gas_CT,0.0,False
revised_v2_hourly_summer_high_daily_schedule_tarj_profit_max_openai_gpt-4.1_temp0p2_seed1,14,2020-07-01,14,2020-07-01 13:00:00,2020,7,1,Wednesday,summer,6498.5,281.37253248,46.89542208,234.47711040000002,6498.5,1828499.4023212802,304749.90038688004,1523749.5019344003,178642.21183853998,1649857.1904827403,322_CT_6,Firm_CT,Gas_CT,0.0,False
revised_v2_hourly_summer_high_daily_schedule_tarj_profit_max_openai_gpt-4.1_temp0p2_seed1,15,2020-07-01,15,2020-07-01 14:00:00,2020,7,1,Wednesday,summer,6639.0,370.98655875000003,49.4648745,321.52168425,6639.0,2462979.76354125,328397.3018055,2134582.46173575,185480.25552551998,2277499.5080157304,123_CT_4,Firm_CT,Gas_CT,0.0,False
revised_v2_hourly_summer_high_daily_schedule_tarj_profit_max_openai_gpt-4.1_temp0p2_seed1,16,2020-07-01,16,2020-07-01 15:00:00,2020,7,1,Wednesday,summer,6627.7,370.98655875000003,49.4648745,321.52168425,6627.7,2458787.6154273753,327838.34872365,2130949.2667037253,184921.30244367,2273866.312983705,123_CT_4,Firm_CT,Gas_CT,0.0,False
revised_v2_hourly_summer_high_daily_schedule_tarj_profit_max_openai_gpt-4.1_temp0p2_seed1,17,2020-07-01,17,2020-07-01 16:00:00,2020,7,1,Wednesday,summer,6450.2,281.37253248,46.89542208,234.47711040000002,6450.2,1814909.109002496,302484.851500416,1512424.2575020802,176377.16295207597,1638531.94605042,322_CT_5,Firm_CT,Gas_CT,0.0,False
revised_v2_hourly_summer_high_daily_schedule_tarj_profit_max_openai_gpt-4.1_temp0p2_seed1,18,2020-07-01,18,2020-07-01 17:00:00,2020,7,1,Wednesday,summer,6199.0,140.26323649999998,44.2559997,96.00723679999999,6199.0,869491.8030634999,274342.9421403,595148.8609231999,166982.81742922,702508.9856342799,101_STEAM_4,Firm_Coal,Coal,0.0,False
revised_v2_hourly_summer_high_daily_schedule_tarj_profit_max_openai_gpt-4.1_temp0p2_seed1,19,2020-07-01,19,2020-07-01 18:00:00,2020,7,1,Wednesday,summer,5907.7,82.37584833,30.91117344,51.46467489,5907.7,486651.79917914094,182613.939331488,304037.85984765296,158852.63449236698,327799.16468677396,201_STEAM_3,Firm_Coal,Coal,0.0,False
revised_v2_hourly_summer_high_daily_schedule_tarj_profit_max_openai_gpt-4.1_temp0p2_seed1,20,2020-07-01,20,2020-07-01 19:00:00,2020,7,1,Wednesday,summer,5817.1,56.10529459999999,30.91117344,25.194121159999995,5817.1,326370.10921766,179813.38701782402,146556.72219983596,150517.32132335,175852.78789431,101_STEAM_3,Firm_Coal,Coal,0.0,False
revised_v2_hourly_summer_high_daily_schedule_tarj_profit_max_openai_gpt-4.1_temp0p2_seed1,21,2020-07-01,21,2020-07-01 20:00:00,2020,7,1,Wednesday,summer,5565.3,41.187924165,30.91117344,10.276750725,5565.3,229223.1543554745,172029.953545632,57193.2008098425,143487.733161853,85735.4211936215,201_STEAM_3,Firm_Coal,Coal,0.0,False
revised_v2_hourly_summer_high_daily_schedule_tarj_profit_max_openai_gpt-4.1_temp0p2_seed1,22,2020-07-01,22,2020-07-01 21:00:00,2020,7,1,Wednesday,summer,5086.3,33.925323828,30.41360928,3.511714548000004,5086.3,172554.37458635643,154692.740880864,17861.633705492422,128812.745280664,43741.62930569242,313_CC_1,Firm_CC,Gas_CC,0.0,False
revised_v2_hourly_summer_high_daily_schedule_tarj_profit_max_openai_gpt-4.1_temp0p2_seed1,23,2020-07-01,23,2020-07-01 22:00:00,2020,7,1,Wednesday,summer,4604.7,30.41360928,28.691570820000003,1.7220384599999967,4604.7,140045.546651616,132116.076154854,7929.470496761991,113826.675640836,26218.871010779993,213_CC_3,Firm_CC,Gas_CC,0.0,False
revised_v2_hourly_summer_high_daily_schedule_tarj_profit_max_openai_gpt-4.1_temp0p2_seed1,24,2020-07-01,24,2020-07-01 23:00:00,2020,7,1,Wednesday,summer,4223.2,28.691570820000003,28.691570820000003,0.0,4223.2,121170.241887024,121170.241887024,0.0,102562.790573604,18607.45131342002,323_CC_1,Firm_CC,Gas_CC,0.0,False
revised_v2_hourly_summer_high_daily_schedule_tarj_profit_max_openai_gpt-4.1_temp0p2_seed1,25,2020-07-02,1,2020-07-02 00:00:00,2020,7,2,Thursday,summer,3961.3,28.20955554,28.20955554,0.0,3961.3,111746.512360602,111746.512360602,0.0,95133.158260542,16613.35410006001,118_CC_1,Firm_CC,Gas_CC,0.0,False
revised_v2_hourly_summer_high_daily_schedule_tarj_profit_max_openai_gpt-4.1_temp0p2_seed1,26,2020-07-02,2,2020-07-02 01:00:00,2020,7,2,Thursday,summer,3768.7,28.092938940000003,28.092938940000003,0.0,3768.7,105873.85898317801,105873.858983178,1.4551915228366852e-11,89701.54886431799,16172.310118860016,321_CC_1,Firm_CC,Gas_CC,0.0,False
revised_v2_hourly_summer_high_daily_schedule_tarj_profit_max_openai_gpt-4.1_temp0p2_seed1,27,2020-07-02,3,2020-07-02 02:00:00,2020,7,2,Thursday,summer,3647.2,28.092938940000003,28.092938940000003,0.0,3647.2,102460.566901968,102460.566901968,0.0,86288.25678310798,16172.310118860016,321_CC_1,Firm_CC,Gas_CC,0.0,False
revised_v2_hourly_summer_high_daily_schedule_tarj_profit_max_openai_gpt-4.1_temp0p2_seed1,28,2020-07-02,4,2020-07-02 03:00:00,2020,7,2,Thursday,summer,3634.5,28.092938940000003,28.092938940000003,0.0,3634.5,102103.78657743002,102103.78657743002,0.0,85931.47645856999,16172.310118860016,321_CC_1,Firm_CC,Gas_CC,0.0,False
revised_v2_hourly_summer_high_daily_schedule_tarj_profit_max_openai_gpt-4.1_temp0p2_seed1,29,2020-07-02,5,2020-07-02 04:00:00,2020,7,2,Thursday,summer,3664.1,28.092938940000003,28.092938940000003,0.0,3664.1,102935.337570054,102935.337570054,0.0,86763.02745119398,16172.310118860016,321_CC_1,Firm_CC,Gas_CC,0.0,False
revised_v2_hourly_summer_high_daily_schedule_tarj_profit_max_openai_gpt-4.1_temp0p2_seed1,30,2020-07-02,6,2020-07-02 05:00:00,2020,7,2,Thursday,summer,3836.1,31.030511094,28.20955554,2.820955554000001,3836.1,119036.1436076934,108214.676006994,10821.467600699398,91601.321906934,27434.82170075941,118_CC_1,Firm_CC,Gas_CC,0.0,False
revised_v2_hourly_summer_high_daily_schedule_tarj_profit_max_openai_gpt-4.1_temp0p2_seed1,31,2020-07-02,7,2020-07-02 06:00:00,2020,7,2,Thursday,summer,4220.6,35.864463525000005,28.691570820000003,7.172892705000002,4220.6,151369.55475361503,121095.64380289202,30273.910950723002,102488.19248947201,48881.362264143034,323_CC_1,Firm_CC,Gas_CC,0.0,False
revised_v2_hourly_summer_high_daily_schedule_tarj_profit_max_openai_gpt-4.1_temp0p2_seed1,32,2020-07-02,8,2020-07-02 07:00:00,2020,7,2,Thursday,summer,4663.6,43.03735623,28.691570820000003,14.345785409999998,4663.6,200709.014514228,133806.00967615205,66903.00483807595,115198.558362732,85510.45615149601,323_CC_2,Firm_CC,Gas_CC,0.0,False
revised_v2_hourly_summer_high_daily_schedule_tarj_profit_max_openai_gpt-4.1_temp0p2_seed1,33,2020-07-02,9,2020-07-02 08:00:00,2020,7,2,Thursday,summer,5096.4,50.08465107999999,30.41360928,19.671041799999994,5096.4,255251.41576411194,154999.918334592,100251.49742951995,131465.302278456,123786.11348565594,316_STEAM_1,Firm_Coal,Coal,0.0,False
revised_v2_hourly_summer_high_daily_schedule_tarj_profit_max_openai_gpt-4.1_temp0p2_seed1,34,2020-07-02,10,2020-07-02 09:00:00,2020,7,2,Thursday,summer,5483.1,63.97990735,30.84120348,33.13870387,5483.1,350808.229990785,169105.40280118803,181702.82718959698,141316.314298114,209491.91569267103,123_STEAM_3,Firm_Coal,Coal,0.0,False
revised_v2_hourly_summer_high_daily_schedule_tarj_profit_max_openai_gpt-4.1_temp0p2_seed1,35,2020-07-02,11,2020-07-02 10:00:00,2020,7,2,Thursday,summer,5843.5,84.1579419,30.91117344,53.24676846,5843.5,491776.93349265,180629.44199664,311147.49149601,151257.91121207,340519.02228058,101_STEAM_4,Firm_Coal,Coal,0.0,False
revised_v2_hourly_summer_high_daily_schedule_tarj_profit_max_openai_gpt-4.1_temp0p2_seed1,36,2020-07-02,12,2020-07-02 11:00:00,2020,7,2,Thursday,summer,6154.4,112.21058919999999,44.2559997,67.9545895,6154.4,690588.8501724799,272369.12455367995,418219.7256187999,165731.66935964,524857.1808128399,101_STEAM_3,Firm_Coal,Coal,0.0,False
revised_v2_hourly_summer_high_daily_schedule_tarj_profit_max_openai_gpt-4.1_temp0p2_seed1,37,2020-07-02,13,2020-07-02 12:00:00,2020,7,2,Thursday,summer,6449.9,234.47711040000002,46.89542208,187.58168832,6449.9,1512353.91436896,302470.782873792,1209883.131495168,176363.09432545197,1335990.820043508,322_CT_5,Firm_CT,Gas_CT,0.0,False
revised_v2_hourly_summer_high_daily_schedule_tarj_profit_max_openai_gpt-4.1_temp0p2_seed1,38,2020-07-02,14,2020-07-02 13:00:00,2020,7,2,Thursday,summer,6689.1,370.98655875000003,49.4648745,321.52168425,6689.1,2481566.1901346254,330875.49201795005,2150690.6981166755,187958.44573797,2293607.7443966554,123_CT_5,Firm_CT,Gas_CT,0.0,False
revised_v2_hourly_summer_high_daily_schedule_tarj_profit_max_openai_gpt-4.1_temp0p2_seed1,39,2020-07-02,15,2020-07-02 14:00:00,2020,7,2,Thursday,summer,6854.6,381.6278235,50.8837098,330.74411369999996,6854.6,2615906.0789631,348787.47719508,2267118.60176802,196337.6263842,2419568.4525789,301_CT_3,Firm_CT,Gas_CT,0.0,False
revised_v2_hourly_summer_high_daily_schedule_tarj_profit_max_openai_gpt-4.1_temp0p2_seed1,40,2020-07-02,16,2020-07-02 15:00:00,2020,7,2,Thursday,summer,6888.7,381.6278235,50.8837098,330.74411369999996,6888.7,2628919.5877444497,350522.61169925996,2278396.97604519,198072.76088838,2430846.8268560697,301_CT_4,Firm_CT,Gas_CT,0.0,False
revised_v2_hourly_summer_high_daily_schedule_tarj_profit_max_openai_gpt-4.1_temp0p2_seed1,41,2020-07-02,17,2020-07-02 16:00:00,2020,7,2,Thursday,summer,6769.5,304.39264932000003,50.73210822,253.66054110000005,6769.5,2060586.0395717402,343431.00659529003,1717155.0329764502,192014.62375526997,1868571.4158164703,207_CT_2,Firm_CT,Gas_CT,0.0,False
revised_v2_hourly_summer_high_daily_schedule_tarj_profit_max_openai_gpt-4.1_temp0p2_seed1,42,2020-07-02,18,2020-07-02 17:00:00,2020,7,2,Thursday,summer,6428.7,160.80651696,44.2559997,116.55051726000002,6428.7,1033776.855580752,284508.54527138994,749268.3103093621,175391.000893728,858385.8546870239,315_CT_8,Firm_CT,Gas_CT,0.0,False
revised_v2_hourly_summer_high_daily_schedule_tarj_profit_max_openai_gpt-4.1_temp0p2_seed1,43,2020-07-02,19,2020-07-02 18:00:00,2020,7,2,Thursday,summer,6138.8,84.1579419,44.2559997,39.9019422,6138.8,516628.77373572,271678.73095836,244950.04277736,165294.04806176,351334.72567395994,101_STEAM_3,Firm_Coal,Coal,0.0,False
revised_v2_hourly_summer_high_daily_schedule_tarj_profit_max_openai_gpt-4.1_temp0p2_seed1,44,2020-07-02,20,2020-07-02 19:00:00,2020,7,2,Thursday,summer,6017.1,66.38399955,40.20162924,26.182370309999996,6017.1,399439.16369230504,241897.22330000403,157541.940392301,157830.82312059,241608.34057171497,218_CC_1,Firm_CC,Gas_CC,0.0,False
revised_v2_hourly_summer_high_daily_schedule_tarj_profit_max_openai_gpt-4.1_temp0p2_seed1,45,2020-07-02,21,2020-07-02 20:00:00,2020,7,2,Thursday,summer,5741.7,41.977499429999995,30.91117344,11.066325989999996,5741.7,241022.20847723098,177482.68454044798,63539.52393678299,148403.38966947398,92618.81880775698,116_STEAM_1,Firm_Coal,Coal,0.0,False
revised_v2_hourly_summer_high_daily_schedule_tarj_profit_max_openai_gpt-4.1_temp0p2_seed1,46,2020-07-02,22,2020-07-02 21:00:00,2020,7,2,Thursday,summer,5309.6,34.002290784,30.84120348,3.1610873040000023,5309.6,180538.56314672643,163754.453997408,16784.10914931842,135709.07394432402,44829.489202402416,318_CC_1,Firm_CC,Gas_CC,0.0,False
revised_v2_hourly_summer_high_daily_schedule_tarj_profit_max_openai_gpt-4.1_temp0p2_seed1,47,2020-07-02,23,2020-07-02 22:00:00,2020,7,2,Thursday,summer,4755.8,30.41360928,28.691570820000003,1.7220384599999967,4755.8,144641.043013824,136451.372505756,8189.670508067997,118422.172003044,26218.871010779993,213_CC_3,Firm_CC,Gas_CC,0.0,False
revised_v2_hourly_summer_high_daily_schedule_tarj_profit_max_openai_gpt-4.1_temp0p2_seed1,48,2020-07-02,24,2020-07-02 23:00:00,2020,7,2,Thursday,summer,4360.3,28.691570820000003,28.691570820000003,0.0,4360.3,125103.85624644601,125103.856246446,1.4551915228366852e-11,106496.404933026,18607.45131342002,323_CC_1,Firm_CC,Gas_CC,0.0,False
revised_v2_hourly_summer_high_daily_schedule_tarj_profit_max_openai_gpt-4.1_temp0p2_seed1,49,2020-07-03,1,2020-07-03 00:00:00,2020,7,3,Friday,summer,4090.7,28.20955554,28.20955554,0.0,4090.7,115396.828847478,115396.828847478,0.0,98783.47474741799,16613.35410006001,118_CC_1,Firm_CC,Gas_CC,0.0,False
revised_v2_hourly_summer_high_daily_schedule_tarj_profit_max_openai_gpt-4.1_temp0p2_seed1,50,2020-07-03,2,2020-07-03 01:00:00,2020,7,3,Friday,summer,3899.4,28.20955554,28.20955554,0.0,3899.4,110000.34087267601,110000.340872676,1.4551915228366852e-11,93386.98677261599,16613.35410006001,118_CC_1,Firm_CC,Gas_CC,0.0,False
revised_v2_hourly_summer_high_daily_schedule_tarj_profit_max_openai_gpt-4.1_temp0p2_seed1,51,2020-07-03,3,2020-07-03 02:00:00,2020,7,3,Friday,summer,3765.2,28.092938940000003,28.092938940000003,0.0,3765.2,105775.53369688801,105775.533696888,1.4551915228366852e-11,89603.22357802799,16172.310118860016,321_CC_1,Firm_CC,Gas_CC,0.0,False
revised_v2_hourly_summer_high_daily_schedule_tarj_profit_max_openai_gpt-4.1_temp0p2_seed1,52,2020-07-03,4,2020-07-03 03:00:00,2020,7,3,Friday,summer,3739.6,28.092938940000003,28.092938940000003,0.0,3739.6,105056.35446002401,105056.354460024,1.4551915228366852e-11,88884.04434116399,16172.310118860016,321_CC_1,Firm_CC,Gas_CC,0.0,False
revised_v2_hourly_summer_high_daily_schedule_tarj_profit_max_openai_gpt-4.1_temp0p2_seed1,53,2020-07-03,5,2020-07-03 04:00:00,2020,7,3,Friday,summer,3745.5,28.092938940000003,28.092938940000003,0.0,3745.5,105222.10279977001,105222.10279977,1.4551915228366852e-11,89049.79268090999,16172.310118860016,321_CC_1,Firm_CC,Gas_CC,0.0,False
revised_v2_hourly_summer_high_daily_schedule_tarj_profit_max_openai_gpt-4.1_temp0p2_seed1,54,2020-07-03,6,2020-07-03 05:00:00,2020,7,3,Friday,summer,3914.5,31.030511094,28.20955554,2.820955554000001,3914.5,121468.935677463,110426.30516133,11042.630516132995,93812.95106127,27655.98461619301,118_CC_1,Firm_CC,Gas_CC,0.0,False
revised_v2_hourly_summer_high_daily_schedule_tarj_profit_max_openai_gpt-4.1_temp0p2_seed1,55,2020-07-03,7,2020-07-03 06:00:00,2020,7,3,Friday,summer,4297.2,35.864463525000005,28.691570820000003,7.172892705000002,4297.2,154116.77265963002,123293.418127704,30823.354531926016,104685.966814284,49430.805845346025,323_CC_1,Firm_CC,Gas_CC,0.0,False
revised_v2_hourly_summer_high_daily_schedule_tarj_profit_max_openai_gpt-4.1_temp0p2_seed1,56,2020-07-03,8,2020-07-03 07:00:00,2020,7,3,Friday,summer,4711.1,43.03735623,28.691570820000003,14.345785409999998,4711.1,202753.28893515302,135168.85929010203,67584.42964505099,116561.407976682,86191.88095847101,323_CC_2,Firm_CC,Gas_CC,0.0,False
revised_v2_hourly_summer_high_daily_schedule_tarj_profit_max_openai_gpt-4.1_temp0p2_seed1,57,2020-07-03,9,2020-07-03 08:00:00,2020,7,3,Friday,summer,5166.9,50.08465107999999,30.41360928,19.671041799999994,5166.9,258782.38366525195,157144.077788832,101638.30587641997,133230.78622902598,125551.59743622594,316_STEAM_1,Firm_Coal,Coal,0.0,False
revised_v2_hourly_summer_high_daily_schedule_tarj_profit_max_openai_gpt-4.1_temp0p2_seed1,58,2020-07-03,10,2020-07-03 09:00:00,2020,7,3,Friday,summer,5564.7,66.38399955,30.91117344,35.47282611,5564.7,369407.042295885,172011.40684156798,197395.635454317,144070.92458634998,225336.117709535,218_CC_1,Firm_CC,Gas_CC,0.0,False
revised_v2_hourly_summer_high_daily_schedule_tarj_profit_max_openai_gpt-4.1_temp0p2_seed1,59,2020-07-03,11,2020-07-03 10:00:00,2020,7,3,Friday,summer,5933.7,88.5119994,40.20162924,48.31037015999999,5933.7,525203.65083978,238544.407421388,286659.243418392,154139.87274561002,371063.7780941699,218_CC_1,Firm_CC,Gas_CC,0.0,False
revised_v2_hourly_summer_high_daily_schedule_tarj_profit_max_openai_gpt-4.1_temp0p2_seed1,60,2020-07-03,12,2020-07-03 11:00:00,2020,7,3,Friday,summer,6244.9,112.21058919999999,44.2559997,67.9545895,6244.9,700743.9084950798,276374.29252653,424369.61596854986,168270.43394028998,532473.4745547898,101_STEAM_4,Firm_Coal,Coal,0.0,False
revised_v2_hourly_summer_high_daily_schedule_tarj_profit_max_openai_gpt-4.1_temp0p2_seed1,61,2020-07-03,13,2020-07-03 12:00:00,2020,7,3,Friday,summer,6505.9,351.7156656,46.89542208,304.82024352,6505.9,2288226.94882704,305096.926510272,1983130.0223167678,178989.23796193197,2109237.710865108,322_CT_6,Firm_CT,Gas_CT,0.0,False
revised_v2_hourly_summer_high_daily_schedule_tarj_profit_max_openai_gpt-4.1_temp0p2_seed1,62,2020-07-03,14,2020-07-03 13:00:00,2020,7,3,Friday,summer,6715.2,380.49081165,50.73210822,329.75870343,6715.2,2555071.89839208,340676.253118944,2214395.645273136,189259.87027892398,2365812.0281131556,207_CT_1,Firm_CT,Gas_CT,0.0,False
revised_v2_hourly_summer_high_daily_schedule_tarj_profit_max_openai_gpt-4.1_temp0p2_seed1,63,2020-07-03,15,2020-07-03 14:00:00,2020,7,3,Friday,summer,6859.0,381.6278235,50.8837098,330.74411369999996,6859.0,2617585.2413864997,349011.3655182,2268573.8758683,196561.51470732,2421023.72667918,301_CT_3,Firm_CT,Gas_CT,0.0,False
revised_v2_hourly_summer_high_daily_schedule_tarj_profit_max_openai_gpt-4.1_temp0p2_seed1,64,2020-07-03,16,2020-07-03 15:00:00,2020,7,3,Friday,summer,6895.7,381.6278235,50.8837098,330.74411369999996,6895.7,2631590.98250895,350878.79766786,2280712.18484109,198428.94685697998,2433162.0356519697,301_CT_4,Firm_CT,Gas_CT,0.0,False
revised_v2_hourly_summer_high_daily_schedule_tarj_profit_max_openai_gpt-4.1_temp0p2_seed1,65,2020-07-03,17,2020-07-03 16:00:00,2020,7,3,Friday,summer,6783.6,304.39264932000003,50.73210822,253.66054110000005,6783.6,2064877.9759271524,344146.329321192,1720731.6466059606,192729.946481172,1872148.0294459802,207_CT_2,Firm_CT,Gas_CT,0.0,False
revised_v2_hourly_summer_high_daily_schedule_tarj_profit_max_openai_gpt-4.1_temp0p2_seed1,66,2020-07-03,18,2020-07-03 17:00:00,2020,7,3,Friday,summer,6494.3,234.47711040000002,46.89542208,187.58168832,6494.3,1522764.69807072,304552.93961414404,1218211.7584565761,178445.25106580398,1344319.4470049161,322_CT_6,Firm_CT,Gas_CT,0.0,False
revised_v2_hourly_summer_high_daily_schedule_tarj_profit_max_openai_gpt-4.1_temp0p2_seed1,67,2020-07-03,19,2020-07-03 18:00:00,2020,7,3,Friday,summer,6183.4,84.1579419,44.2559997,39.9019422,6183.4,520382.21794445993,273652.54854497995,246729.66939948,166545.19613134,353837.02181312,101_STEAM_3,Firm_Coal,Coal,0.0,False
revised_v2_hourly_summer_high_daily_schedule_tarj_profit_max_openai_gpt-4.1_temp0p2_seed1,68,2020-07-03,20,2020-07-03 19:00:00,2020,7,3,Friday,summer,5998.3,66.38399955,40.20162924,26.182370309999996,5998.3,398191.144500765,241141.43267029204,157049.71183047298,156998.81032623,241192.334174535,218_CC_1,Firm_CC,Gas_CC,0.0,False
revised_v2_hourly_summer_high_daily_schedule_tarj_profit_max_openai_gpt-4.1_temp0p2_seed1,69,2020-07-03,21,2020-07-03 20:00:00,2020,7,3,Friday,summer,5758.3,41.977499429999995,30.91117344,11.066325989999996,5758.3,241719.03496776897,177995.810019552,63723.22494821696,148867.940663166,92851.09430460299,116_STEAM_1,Firm_Coal,Coal,0.0,False
revised_v2_hourly_summer_high_daily_schedule_tarj_profit_max_openai_gpt-4.1_temp0p2_seed1,70,2020-07-03,22,2020-07-03 21:00:00,2020,7,3,Friday,summer,5376.1,34.002290784,30.84120348,3.1610873040000023,5376.1,182799.71548386244,165805.394028828,16994.321455034427,137764.66697808402,45035.048505778424,318_CC_1,Firm_CC,Gas_CC,0.0,False
revised_v2_hourly_summer_high_daily_schedule_tarj_profit_max_openai_gpt-4.1_temp0p2_seed1,71,2020-07-03,23,2020-07-03 22:00:00,2020,7,3,Friday,summer,4907.5,30.783499581999997,30.41360928,0.3698903019999982,4907.5,151070.024198665,149254.7875416,1815.2366570649901,123005.55891007,28064.465288594987,116_STEAM_1,Firm_Coal,Coal,0.0,False
revised_v2_hourly_summer_high_daily_schedule_tarj_profit_max_openai_gpt-4.1_temp0p2_seed1,72,2020-07-03,24,2020-07-03 23:00:00,2020,7,3,Friday,summer,4540.8,28.691570820000003,28.691570820000003,0.0,4540.8,130282.68477945602,130282.68477945602,0.0,111675.233466036,18607.45131342002,323_CC_2,Firm_CC,Gas_CC,0.0,False
revised_v2_hourly_summer_high_daily_schedule_tarj_profit_max_openai_gpt-4.1_temp0p2_seed1,73,2020-07-04,1,2020-07-04 00:00:00,2020,7,4,Saturday,summer,4230.0,28.691570820000003,28.691570820000003,0.0,4230.0,121365.3445686,121365.3445686,0.0,102757.89325518001,18607.45131342002,323_CC_1,Firm_CC,Gas_CC,0.0,False
revised_v2_hourly_summer_high_daily_schedule_tarj_profit_max_openai_gpt-4.1_temp0p2_seed1,74,2020-07-04,2,2020-07-04 01:00:00,2020,7,4,Saturday,summer,4002.1,28.20955554,28.20955554,0.0,4002.1,112897.462226634,112897.462226634,0.0,96284.10812657399,16613.35410006001,118_CC_1,Firm_CC,Gas_CC,0.0,False
revised_v2_hourly_summer_high_daily_schedule_tarj_profit_max_openai_gpt-4.1_temp0p2_seed1,75,2020-07-04,3,2020-07-04 02:00:00,2020,7,4,Saturday,summer,3827.1,28.20955554,28.20955554,0.0,3827.1,107960.790007134,107960.790007134,0.0,91347.43590707399,16613.35410006001,118_CC_1,Firm_CC,Gas_CC,0.0,False
revised_v2_hourly_summer_high_daily_schedule_tarj_profit_max_openai_gpt-4.1_temp0p2_seed1,76,2020-07-04,4,2020-07-04 03:00:00,2020,7,4,Saturday,summer,3727.1,28.092938940000003,28.092938940000003,0.0,3727.1,104705.19272327401,104705.192723274,1.4551915228366852e-11,88532.88260441399,16172.310118860016,321_CC_1,Firm_CC,Gas_CC,0.0,False
revised_v2_hourly_summer_high_daily_schedule_tarj_profit_max_openai_gpt-4.1_temp0p2_seed1,77,2020-07-04,5,2020-07-04 04:00:00,2020,7,4,Saturday,summer,3651.3,28.092938940000003,28.092938940000003,0.0,3651.3,102575.74795162202,102575.74795162202,0.0,86403.43783276199,16172.310118860016,321_CC_1,Firm_CC,Gas_CC,0.0,False
revised_v2_hourly_summer_high_daily_schedule_tarj_profit_max_openai_gpt-4.1_temp0p2_seed1,78,2020-07-04,6,2020-07-04 05:00:00,2020,7,4,Saturday,summer,3640.1,30.902232834000007,28.092938940000003,2.809293894000003,3640.1,112487.21773904342,102261.10703549402,10226.110703549406,86088.79691663399,26398.420822409433,321_CC_1,Firm_CC,Gas_CC,0.0,False
revised_v2_hourly_summer_high_daily_schedule_tarj_profit_max_openai_gpt-4.1_temp0p2_seed1,79,2020-07-04,7,2020-07-04 06:00:00,2020,7,4,Saturday,summer,3940.1,35.261944425,28.20955554,7.052388885000003,3940.1,138935.58722894252,111148.469783154,27787.11744578852,94535.11568309399,44400.471545848515,118_CC_1,Firm_CC,Gas_CC,0.0,False
revised_v2_hourly_summer_high_daily_schedule_tarj_profit_max_openai_gpt-4.1_temp0p2_seed1,80,2020-07-04,8,2020-07-04 07:00:00,2020,7,4,Saturday,summer,4413.3,43.03735623,28.691570820000003,14.345785409999998,4413.3,189936.764249859,126624.50949990602,63312.254749952976,108017.05818648601,81919.70606337301,323_CC_1,Firm_CC,Gas_CC,0.0,False
revised_v2_hourly_summer_high_daily_schedule_tarj_profit_max_openai_gpt-4.1_temp0p2_seed1,81,2020-07-04,9,2020-07-04 08:00:00,2020,7,4,Saturday,summer,4906.5,50.08465107999999,30.41360928,19.671041799999994,4906.5,245740.34052401996,149224.37393231998,96515.96659169998,126709.76465840999,119030.57586560995,202_STEAM_3,Firm_Coal,Coal,0.0,False
revised_v2_hourly_summer_high_daily_schedule_tarj_profit_max_openai_gpt-4.1_temp0p2_seed1,82,2020-07-04,10,2020-07-04 09:00:00,2020,7,4,Saturday,summer,5355.3,63.97990735,30.84120348,33.13870387,5355.3,342631.597831455,165163.896996444,177467.700835011,138045.661434382,204585.936397073,123_STEAM_3,Firm_Coal,Coal,0.0,False
revised_v2_hourly_summer_high_daily_schedule_tarj_profit_max_openai_gpt-4.1_temp0p2_seed1,83,2020-07-04,11,2020-07-04 10:00:00,2020,7,4,Saturday,summer,5733.2,83.95499885999999,30.91117344,53.04382541999999,5733.2,481330.7994641519,177219.939566208,304110.8598979439,148165.51717270399,333165.282291448,116_STEAM_1,Firm_Coal,Coal,0.0,False
revised_v2_hourly_summer_high_daily_schedule_tarj_profit_max_openai_gpt-4.1_temp0p2_seed1,84,2020-07-04,12,2020-07-04 11:00:00,2020,7,4,Saturday,summer,6075.3,111.93999847999999,40.20162924,71.73836923999998,6075.3,680069.0727655439,244236.958121772,435832.1146437719,163515.390571106,516553.6821944379,116_STEAM_1,Firm_Coal,Coal,0.0,False
revised_v2_hourly_summer_high_daily_schedule_tarj_profit_max_openai_gpt-4.1_temp0p2_seed1,85,2020-07-04,13,2020-07-04 12:00:00,2020,7,4,Saturday,summer,6311.7,301.5122193,44.2559997,257.2562196,6311.7,1903054.6745558102,279330.59330649,1623724.0812493202,170687.41027264798,1732367.264283162,315_CT_6,Firm_CT,Gas_CT,0.0,False
revised_v2_hourly_summer_high_daily_schedule_tarj_profit_max_openai_gpt-4.1_temp0p2_seed1,86,2020-07-04,14,2020-07-04 13:00:00,2020,7,4,Saturday,summer,6533.9,351.7156656,46.89542208,304.82024352,6533.9,2298074.98746384,306409.998328512,1991664.9891353277,180302.30978017196,2117772.677683668,322_CT_6,Firm_CT,Gas_CT,0.0,False
revised_v2_hourly_summer_high_daily_schedule_tarj_profit_max_openai_gpt-4.1_temp0p2_seed1,87,2020-07-04,15,2020-07-04 14:00:00,2020,7,4,Saturday,summer,6642.8,370.98655875000003,49.4648745,321.52168425,6642.8,2464389.5124645,328585.26832860004,2135804.2441359,185668.22204862,2278721.2904158803,123_CT_4,Firm_CT,Gas_CT,0.0,False
revised_v2_hourly_summer_high_daily_schedule_tarj_profit_max_openai_gpt-4.1_temp0p2_seed1,88,2020-07-04,16,2020-07-04 15:00:00,2020,7,4,Saturday,summer,6621.9,370.98655875000003,49.4648745,321.52168425,6621.9,2456635.893386625,327551.45245155,2129084.4409350753,184634.40617156995,2272001.487215055,123_CT_4,Firm_CT,Gas_CT,0.0,False
revised_v2_hourly_summer_high_daily_schedule_tarj_profit_max_openai_gpt-4.1_temp0p2_seed1,89,2020-07-04,17,2020-07-04 16:00:00,2020,7,4,Saturday,summer,6468.5,351.7156656,46.89542208,304.82024352,6468.5,2275072.7829336002,303343.03772448003,1971729.7452091202,177235.34917613998,2097837.4337574597,322_CT_5,Firm_CT,Gas_CT,0.0,False
revised_v2_hourly_summer_high_daily_schedule_tarj_profit_max_openai_gpt-4.1_temp0p2_seed1,90,2020-07-04,18,2020-07-04 17:00:00,2020,7,4,Saturday,summer,6263.4,140.26323649999998,44.2559997,96.00723679999999,6263.4,878524.7554940998,277193.02852098,601331.7269731199,168789.40791533998,709735.3475787598,101_STEAM_4,Firm_Coal,Coal,0.0,False
revised_v2_hourly_summer_high_daily_schedule_tarj_profit_max_openai_gpt-4.1_temp0p2_seed1,91,2020-07-04,19,2020-07-04 18:00:00,2020,7,4,Saturday,summer,5995.4,83.95499885999999,40.20162924,43.75336961999999,5995.4,503343.8001652439,241024.847945496,262318.95221974794,161279.38910146797,342064.41106377594,116_STEAM_1,Firm_Coal,Coal,0.0,False
revised_v2_hourly_summer_high_daily_schedule_tarj_profit_max_openai_gpt-4.1_temp0p2_seed1,92,2020-07-04,20,2020-07-04 19:00:00,2020,7,4,Saturday,summer,5883.6,56.10529459999999,30.91117344,25.194121159999995,5883.6,330101.11130856,181868.980051584,148232.13125697602,152382.8223688,177718.28893975998,101_STEAM_4,Firm_Coal,Coal,0.0,False
revised_v2_hourly_summer_high_daily_schedule_tarj_profit_max_openai_gpt-4.1_temp0p2_seed1,93,2020-07-04,21,2020-07-04 20:00:00,2020,7,4,Saturday,summer,5660.1,41.977499429999995,30.91117344,11.066325989999996,5660.1,237596.844523743,174960.332787744,62636.511735998996,146119.813700482,91477.03082326098,116_STEAM_1,Firm_Coal,Coal,0.0,False
revised_v2_hourly_summer_high_daily_schedule_tarj_profit_max_openai_gpt-4.1_temp0p2_seed1,94,2020-07-04,22,2020-07-04 21:00:00,2020,7,4,Saturday,summer,5324.7,34.002290784,30.84120348,3.1610873040000023,5324.7,181051.99773756482,164220.156169956,16831.84156760882,136175.832663268,44876.16507429682,318_CC_1,Firm_CC,Gas_CC,0.0,False
revised_v2_hourly_summer_high_daily_schedule_tarj_profit_max_openai_gpt-4.1_temp0p2_seed1,95,2020-07-04,23,2020-07-04 22:00:00,2020,7,4,Saturday,summer,4894.8,30.41360928,30.41360928,0.0,4894.8,148868.534703744,148868.534703744,0.0,122649.66369296401,26218.871010779993,213_CC_3,Firm_CC,Gas_CC,0.0,False
revised_v2_hourly_summer_high_daily_schedule_tarj_profit_max_openai_gpt-4.1_temp0p2_seed1,96,2020-07-04,24,2020-07-04 23:00:00,2020,7,4,Saturday,summer,4533.2,28.691570820000003,28.691570820000003,0.0,4533.2,130064.62884122401,130064.628841224,1.4551915228366852e-11,111457.17752780399,18607.45131342002,323_CC_2,Firm_CC,Gas_CC,0.0,False
revised_v2_hourly_summer_high_daily_schedule_tarj_profit_max_openai_gpt-4.1_temp0p2_seed1,97,2020-07-05,1,2020-07-05 00:00:00,2020,7,5,Sunday,summer,4251.2,28.691570820000003,28.691570820000003,0.0,4251.2,121973.605869984,121973.605869984,0.0,103366.154556564,18607.45131342002,323_CC_1,Firm_CC,Gas_CC,0.0,False
revised_v2_hourly_summer_high_daily_schedule_tarj_profit_max_openai_gpt-4.1_temp0p2_seed1,98,2020-07-05,2,2020-07-05 01:00:00,2020,7,5,Sunday,summer,4034.4,28.20955554,28.20955554,0.0,4034.4,113808.630870576,113808.630870576,0.0,97195.27677051601,16613.35410006001,118_CC_1,Firm_CC,Gas_CC,0.0,False
revised_v2_hourly_summer_high_daily_schedule_tarj_profit_max_openai_gpt-4.1_temp0p2_seed1,99,2020-07-05,3,2020-07-05 02:00:00,2020,7,5,Sunday,summer,3843.9,28.20955554,28.20955554,0.0,3843.9,108434.710540206,108434.710540206,0.0,91821.35644014599,16613.35410006001,118_CC_1,Firm_CC,Gas_CC,0.0,False
revised_v2_hourly_summer_high_daily_schedule_tarj_profit_max_openai_gpt-4.1_temp0p2_seed1,100,2020-07-05,4,2020-07-05 03:00:00,2020,7,5,Sunday,summer,3740.5,28.092938940000003,28.092938940000003,0.0,3740.5,105081.63810507001,105081.63810507,1.4551915228366852e-11,88909.32798620999,16172.310118860016,321_CC_1,Firm_CC,Gas_CC,0.0,False
revised_v2_hourly_summer_high_daily_schedule_tarj_profit_max_openai_gpt-4.1_temp0p2_seed1,101,2020-07-05,5,2020-07-05 04:00:00,2020,7,5,Sunday,summer,3629.3,28.092938940000003,28.092938940000003,0.0,3629.3,101957.70329494202,101957.70329494202,0.0,85785.393176082,16172.310118860016,321_CC_1,Firm_CC,Gas_CC,0.0,False
revised_v2_hourly_summer_high_daily_schedule_tarj_profit_max_openai_gpt-4.1_temp0p2_seed1,102,2020-07-05,6,2020-07-05 05:00:00,2020,7,5,Sunday,summer,3571.8,28.092938940000003,28.092938940000003,0.0,3571.8,100342.35930589202,100342.35930589202,0.0,84170.049187032,16172.310118860016,321_CC_1,Firm_CC,Gas_CC,0.0,False
revised_v2_hourly_summer_high_daily_schedule_tarj_profit_max_openai_gpt-4.1_temp0p2_seed1,103,2020-07-05,7,2020-07-05 06:00:00,2020,7,5,Sunday,summer,3815.4,31.030511094,28.20955554,2.820955554000001,3815.4,118393.81202804761,107630.738207316,10763.073820731617,91017.38410725599,27376.42792079161,118_CC_1,Firm_CC,Gas_CC,0.0,False
revised_v2_hourly_summer_high_daily_schedule_tarj_profit_max_openai_gpt-4.1_temp0p2_seed1,104,2020-07-05,8,2020-07-05 07:00:00,2020,7,5,Sunday,summer,4229.1,31.989953675,28.691570820000003,3.2983828549999963,4229.1,135288.7130869425,121339.52215486202,13949.190932080484,103760.50820145401,31528.2048854885,123_STEAM_3,Firm_Coal,Coal,0.0,False
revised_v2_hourly_summer_high_daily_schedule_tarj_profit_max_openai_gpt-4.1_temp0p2_seed1,105,2020-07-05,9,2020-07-05 08:00:00,2020,7,5,Sunday,summer,4659.9,38.387944409999996,28.691570820000003,9.696373589999993,4659.9,178883.98215615898,133699.850864118,45184.131292040984,116497.21028670597,62386.77186945299,123_STEAM_3,Firm_Coal,Coal,0.0,False
revised_v2_hourly_summer_high_daily_schedule_tarj_profit_max_openai_gpt-4.1_temp0p2_seed1,106,2020-07-05,10,2020-07-05 09:00:00,2020,7,5,Sunday,summer,5058.4,38.55150435,30.41360928,8.137895070000003,5058.4,195008.92960404,153844.201181952,41164.728422087996,127952.27570357197,67056.653900468,313_CC_1,Firm_CC,Gas_CC,0.0,False
revised_v2_hourly_summer_high_daily_schedule_tarj_profit_max_openai_gpt-4.1_temp0p2_seed1,107,2020-07-05,11,2020-07-05 10:00:00,2020,7,5,Sunday,summer,5395.2,51.18392588,30.84120348,20.342722399999996,5395.2,276147.51690777595,166394.461015296,109753.05589247996,139066.78075568797,137080.73615208798,123_STEAM_3,Firm_Coal,Coal,0.0,False
revised_v2_hourly_summer_high_daily_schedule_tarj_profit_max_openai_gpt-4.1_temp0p2_seed1,108,2020-07-05,12,2020-07-05 11:00:00,2020,7,5,Sunday,summer,5649.0,66.38399955,30.91117344,35.47282611,5649.0,375003.21345795,174617.21876256,200385.99469539,147801.70536106,227201.50809689,218_CC_1,Firm_CC,Gas_CC,0.0,False
revised_v2_hourly_summer_high_daily_schedule_tarj_profit_max_openai_gpt-4.1_temp0p2_seed1,109,2020-07-05,13,2020-07-05 12:00:00,2020,7,5,Sunday,summer,5936.4,88.5119994,40.20162924,48.31037015999999,5936.4,525442.6332381599,238652.951820336,286789.68141782394,154259.3639448,371183.26929335995,218_CC_1,Firm_CC,Gas_CC,0.0,False
revised_v2_hourly_summer_high_daily_schedule_tarj_profit_max_openai_gpt-4.1_temp0p2_seed1,110,2020-07-05,14,2020-07-05 13:00:00,2020,7,5,Sunday,summer,6109.3,132.7679991,44.2559997,88.51199940000001,6109.3,811119.53690163,270373.17896721,540746.35793442,161911.22629293002,649208.3106087,218_CC_1,Firm_CC,Gas_CC,0.0,False
revised_v2_hourly_summer_high_daily_schedule_tarj_profit_max_openai_gpt-4.1_temp0p2_seed1,111,2020-07-05,15,2020-07-05 14:00:00,2020,7,5,Sunday,summer,6208.7,132.7679991,44.2559997,88.51199940000001,6208.7,824316.6760121699,274772.22533739,549544.45067478,166310.27266311,658006.40334906,218_CC_1,Firm_CC,Gas_CC,0.0,False
revised_v2_hourly_summer_high_daily_schedule_tarj_profit_max_openai_gpt-4.1_temp0p2_seed1,112,2020-07-05,16,2020-07-05 15:00:00,2020,7,5,Sunday,summer,6204.0,132.7679991,44.2559997,88.51199940000001,6204.0,823692.6664164,274564.22213879996,549128.4442776,166102.26946452,657590.3969518801,218_CC_1,Firm_CC,Gas_CC,0.0,False
revised_v2_hourly_summer_high_daily_schedule_tarj_profit_max_openai_gpt-4.1_temp0p2_seed1,113,2020-07-05,17,2020-07-05 16:00:00,2020,7,5,Sunday,summer,6155.9,110.63999924999999,44.2559997,66.38399955,6155.9,681088.7713830749,272435.50855322997,408653.26282984496,163973.55587895,517115.2155041249,218_CC_1,Firm_CC,Gas_CC,0.0,False
revised_v2_hourly_summer_high_daily_schedule_tarj_profit_max_openai_gpt-4.1_temp0p2_seed1,114,2020-07-05,18,2020-07-05 17:00:00,2020,7,5,Sunday,summer,5963.3,88.5119994,40.20162924,48.31037015999999,5963.3,527823.60602202,239734.37564689203,288089.230375128,155449.85033673,372373.75568529,218_CC_1,Firm_CC,Gas_CC,0.0,False
revised_v2_hourly_summer_high_daily_schedule_tarj_profit_max_openai_gpt-4.1_temp0p2_seed1,115,2020-07-05,19,2020-07-05 18:00:00,2020,7,5,Sunday,summer,5714.2,55.96999923999999,30.91117344,25.058825799999994,5714.2,319823.76965720794,176632.627270848,143191.14238635995,147633.80217992398,172189.96747728394,116_STEAM_1,Firm_Coal,Coal,0.0,False
revised_v2_hourly_summer_high_daily_schedule_tarj_profit_max_openai_gpt-4.1_temp0p2_seed1,116,2020-07-05,20,2020-07-05 19:00:00,2020,7,5,Sunday,summer,5653.0,46.36676016,30.91117344,15.45558672,5653.0,262111.29518448,174740.86345632,87370.43172816001,145173.52363116,116937.77155332,318_CC_1,Firm_CC,Gas_CC,0.0,False
revised_v2_hourly_summer_high_daily_schedule_tarj_profit_max_openai_gpt-4.1_temp0p2_seed1,117,2020-07-05,21,2020-07-05 20:00:00,2020,7,5,Sunday,summer,5459.6,38.55150435,30.84120348,7.710300870000001,5459.6,210475.79314926002,168380.63451940802,42095.158629852,139202.11776196802,71273.675387292,313_CC_1,Firm_CC,Gas_CC,0.0,False
revised_v2_hourly_summer_high_daily_schedule_tarj_profit_max_openai_gpt-4.1_temp0p2_seed1,118,2020-07-05,22,2020-07-05 21:00:00,2020,7,5,Sunday,summer,4953.9,33.454970208,30.41360928,3.0413609279999996,4953.9,165732.57691341118,150665.979012192,15066.597901219182,123711.80728315198,42020.769630259194,213_CC_3,Firm_CC,Gas_CC,0.0,False
revised_v2_hourly_summer_high_daily_schedule_tarj_profit_max_openai_gpt-4.1_temp0p2_seed1,119,2020-07-05,23,2020-07-05 22:00:00,2020,7,5,Sunday,summer,4744.1,28.691570820000003,28.691570820000003,0.0,4744.1,136115.681127162,136115.681127162,0.0,117508.22981374201,18607.45131342002,323_CC_2,Firm_CC,Gas_CC,0.0,False
revised_v2_hourly_summer_high_daily_schedule_tarj_profit_max_openai_gpt-4.1_temp0p2_seed1,120,2020-07-05,24,2020-07-05 23:00:00,2020,7,5,Sunday,summer,4411.7,28.691570820000003,28.691570820000003,0.0,4411.7,126578.602986594,126578.602986594,0.0,107971.151673174,18607.45131342002,323_CC_1,Firm_CC,Gas_CC,0.0,False
revised_v2_hourly_summer_high_daily_schedule_tarj_profit_max_openai_gpt-4.1_temp0p2_seed1,121,2020-07-06,1,2020-07-06 00:00:00,2020,7,6,Monday,summer,4163.0,28.691570820000003,28.691570820000003,0.0,4163.0,119443.00932366001,119443.00932366,1.4551915228366852e-11,100835.55801024,18607.45131342002,323_CC_1,Firm_CC,Gas_CC,0.0,False
revised_v2_hourly_summer_high_daily_schedule_tarj_profit_max_openai_gpt-4.1_temp0p2_seed1,122,2020-07-06,2,2020-07-06 01:00:00,2020,7,6,Monday,summer,3986.1,28.20955554,28.20955554,0.0,3986.1,112446.109337994,112446.109337994,0.0,95832.755237934,16613.35410006001,118_CC_1,Firm_CC,Gas_CC,0.0,False
revised_v2_hourly_summer_high_daily_schedule_tarj_profit_max_openai_gpt-4.1_temp0p2_seed1,123,2020-07-06,3,2020-07-06 02:00:00,2020,7,6,Monday,summer,3867.9,28.20955554,28.20955554,0.0,3867.9,109111.739873166,109111.739873166,0.0,92498.385773106,16613.35410006001,118_CC_1,Firm_CC,Gas_CC,0.0,False
revised_v2_hourly_summer_high_daily_schedule_tarj_profit_max_openai_gpt-4.1_temp0p2_seed1,124,2020-07-06,4,2020-07-06 03:00:00,2020,7,6,Monday,summer,3834.1,28.20955554,28.20955554,0.0,3834.1,108158.256895914,108158.256895914,0.0,91544.902795854,16613.35410006001,118_CC_1,Firm_CC,Gas_CC,0.0,False
revised_v2_hourly_summer_high_daily_schedule_tarj_profit_max_openai_gpt-4.1_temp0p2_seed1,125,2020-07-06,5,2020-07-06 04:00:00,2020,7,6,Monday,summer,3832.0,28.20955554,28.20955554,0.0,3832.0,108099.01682928,108099.01682928,0.0,91485.66272922,16613.35410006001,118_CC_1,Firm_CC,Gas_CC,0.0,False
revised_v2_hourly_summer_high_daily_schedule_tarj_profit_max_openai_gpt-4.1_temp0p2_seed1,126,2020-07-06,6,2020-07-06 05:00:00,2020,7,6,Monday,summer,3869.7,28.691570820000003,28.20955554,0.4820152800000024,3869.7,111027.77160215401,109162.517073138,1865.254529016005,92720.65975773399,18307.11184442002,323_CC_1,Firm_CC,Gas_CC,0.0,False
revised_v2_hourly_summer_high_daily_schedule_tarj_profit_max_openai_gpt-4.1_temp0p2_seed1,127,2020-07-06,7,2020-07-06 06:00:00,2020,7,6,Monday,summer,4126.0,31.030511094,28.20955554,2.820955554000001,4126.0,128031.88877384401,116392.62615804,11639.262615804008,99779.27205798,28252.61671586401,118_CC_1,Firm_CC,Gas_CC,0.0,False
revised_v2_hourly_summer_high_daily_schedule_tarj_profit_max_openai_gpt-4.1_temp0p2_seed1,128,2020-07-06,8,2020-07-06 07:00:00,2020,7,6,Monday,summer,4482.9,35.864463525000005,28.691570820000003,7.172892705000002,4482.9,160776.80353622252,128621.442828978,32155.360707244516,110013.99151555798,50762.812020664525,323_CC_1,Firm_CC,Gas_CC,0.0,False
revised_v2_hourly_summer_high_daily_schedule_tarj_profit_max_openai_gpt-4.1_temp0p2_seed1,129,2020-07-06,9,2020-07-06 08:00:00,2020,7,6,Monday,summer,4856.0,43.03735623,30.41360928,12.623746950000001,4856.0,208989.40185288,147688.48666368,61300.91518919999,122617.97622780001,86371.42562508001,323_CC_2,Firm_CC,Gas_CC,0.0,False
revised_v2_hourly_summer_high_daily_schedule_tarj_profit_max_openai_gpt-4.1_temp0p2_seed1,130,2020-07-06,10,2020-07-06 09:00:00,2020,7,6,Monday,summer,5231.8,45.62041392,30.84120348,14.779210439999996,5231.8,238676.881546656,161355.008366664,77321.87317999199,133778.772595464,104898.108951192,213_CC_3,Firm_CC,Gas_CC,0.0,False
revised_v2_hourly_summer_high_daily_schedule_tarj_profit_max_openai_gpt-4.1_temp0p2_seed1,131,2020-07-06,11,2020-07-06 10:00:00,2020,7,6,Monday,summer,5540.3,57.383141640000005,30.84120348,26.541938160000004,5540.3,317919.81962809205,170869.51964024402,147050.29998784803,165397.292185926,152522.52744216603,323_CC_1,Firm_CC,Gas_CC,0.0,False
revised_v2_hourly_summer_high_daily_schedule_tarj_profit_max_openai_gpt-4.1_temp0p2_seed1,132,2020-07-06,12,2020-07-06 11:00:00,2020,7,6,Monday,summer,5839.7,61.82234688,30.91117344,30.91117344,5839.7,361023.959075136,180511.979537568,180511.979537568,181300.24511086798,179723.71396426798,318_CC_1,Firm_CC,Gas_CC,0.0,False
revised_v2_hourly_summer_high_daily_schedule_tarj_profit_max_openai_gpt-4.1_temp0p2_seed1,133,2020-07-06,13,2020-07-06 12:00:00,2020,7,6,Monday,summer,6031.0,132.7679991,40.20162924,92.56636986,6031.0,800723.8025721,242456.02594644003,558267.7766256599,158445.98151642,642277.82105568,218_CC_1,Firm_CC,Gas_CC,0.0,False
revised_v2_hourly_summer_high_daily_schedule_tarj_profit_max_openai_gpt-4.1_temp0p2_seed1,134,2020-07-06,14,2020-07-06 13:00:00,2020,7,6,Monday,summer,6111.2,132.7679991,44.2559997,88.51199940000001,6111.2,811371.79609992,270457.26536664,540914.5307332799,161995.31269236,649376.48340756,218_CC_1,Firm_CC,Gas_CC,0.0,False
revised_v2_hourly_summer_high_daily_schedule_tarj_profit_max_openai_gpt-4.1_temp0p2_seed1,135,2020-07-06,15,2020-07-06 14:00:00,2020,7,6,Monday,summer,6136.7,132.7679991,44.2559997,88.51199940000001,6136.7,814757.38007697,271585.79335899,543171.58671798,163123.84068471,651633.53939226,218_CC_1,Firm_CC,Gas_CC,0.0,False
revised_v2_hourly_summer_high_daily_schedule_tarj_profit_max_openai_gpt-4.1_temp0p2_seed1,136,2020-07-06,16,2020-07-06 15:00:00,2020,7,6,Monday,summer,6131.5,132.7679991,44.2559997,88.51199940000001,6131.5,814066.98648165,271355.66216054995,542711.3243211,162893.70948627,651173.2769953801,218_CC_1,Firm_CC,Gas_CC,0.0,False
revised_v2_hourly_summer_high_daily_schedule_tarj_profit_max_openai_gpt-4.1_temp0p2_seed1,137,2020-07-06,17,2020-07-06 16:00:00,2020,7,6,Monday,summer,6073.9,132.7679991,40.20162924,92.56636986,6073.9,806419.54973349,244180.675840836,562238.873892654,160344.56390354998,646074.98582994,218_CC_1,Firm_CC,Gas_CC,0.0,False
revised_v2_hourly_summer_high_daily_schedule_tarj_profit_max_openai_gpt-4.1_temp0p2_seed1,138,2020-07-06,18,2020-07-06 17:00:00,2020,7,6,Monday,summer,5824.7,57.383141640000005,30.91117344,26.471968200000006,5824.7,334239.585110508,180048.311935968,154191.27317454002,173557.174927134,160682.410183374,323_CC_2,Firm_CC,Gas_CC,0.0,False
revised_v2_hourly_summer_high_daily_schedule_tarj_profit_max_openai_gpt-4.1_temp0p2_seed1,139,2020-07-06,19,2020-07-06 18:00:00,2020,7,6,Monday,summer,5599.3,46.26180522,30.91117344,15.35063178,5599.3,259033.725968346,173080.933442592,85952.79252575399,145055.10413852398,113978.62182982202,313_CC_1,Firm_CC,Gas_CC,0.0,False
revised_v2_hourly_summer_high_daily_schedule_tarj_profit_max_openai_gpt-4.1_temp0p2_seed1,140,2020-07-06,20,2020-07-06 19:00:00,2020,7,6,Monday,summer,5548.2,46.26180522,30.84120348,15.420601739999999,5548.2,256669.74772160398,171113.165147736,85556.58257386799,143479.118640696,113190.629080908,313_CC_1,Firm_CC,Gas_CC,0.0,False
revised_v2_hourly_summer_high_daily_schedule_tarj_profit_max_openai_gpt-4.1_temp0p2_seed1,141,2020-07-06,21,2020-07-06 20:00:00,2020,7,6,Monday,summer,5374.4,38.55150435,30.84120348,7.710300870000001,5374.4,207191.20497864,165752.96398291198,41438.240995728,136574.447225472,70616.757753168,313_CC_1,Firm_CC,Gas_CC,0.0,False
revised_v2_hourly_summer_high_daily_schedule_tarj_profit_max_openai_gpt-4.1_temp0p2_seed1,142,2020-07-06,22,2020-07-06 21:00:00,2020,7,6,Monday,summer,5031.0,33.454970208,30.41360928,3.0413609279999996,5031.0,168311.955116448,153010.86828768,15301.086828767991,126056.69655863999,42255.25855780799,213_CC_3,Firm_CC,Gas_CC,0.0,False
revised_v2_hourly_summer_high_daily_schedule_tarj_profit_max_openai_gpt-4.1_temp0p2_seed1,143,2020-07-06,23,2020-07-06 22:00:00,2020,7,6,Monday,summer,4648.3,28.691570820000003,28.691570820000003,0.0,4648.3,133367.02864260602,133367.02864260602,0.0,114759.57732918601,18607.45131342002,323_CC_2,Firm_CC,Gas_CC,0.0,False
revised_v2_hourly_summer_high_daily_schedule_tarj_profit_max_openai_gpt-4.1_temp0p2_seed1,144,2020-07-06,24,2020-07-06 23:00:00,2020,7,6,Monday,summer,4320.4,28.691570820000003,28.691570820000003,0.0,4320.4,123959.062570728,123959.062570728,0.0,105351.61125730799,18607.45131342002,323_CC_1,Firm_CC,Gas_CC,0.0,False
revised_v2_hourly_summer_high_daily_schedule_tarj_profit_max_openai_gpt-4.1_temp0p2_seed1,145,2020-07-07,1,2020-07-07 00:00:00,2020,7,7,Tuesday,summer,4079.1,28.20955554,28.20955554,0.0,4079.1,115069.59800321399,115069.598003214,-1.4551915228366852e-11,98456.24390315398,16613.35410006001,118_CC_1,Firm_CC,Gas_CC,0.0,False
revised_v2_hourly_summer_high_daily_schedule_tarj_profit_max_openai_gpt-4.1_temp0p2_seed1,146,2020-07-07,2,2020-07-07 01:00:00,2020,7,7,Tuesday,summer,3890.1,28.20955554,28.20955554,0.0,3890.1,109737.992006154,109737.992006154,0.0,93124.637906094,16613.35410006001,118_CC_1,Firm_CC,Gas_CC,0.0,False
revised_v2_hourly_summer_high_daily_schedule_tarj_profit_max_openai_gpt-4.1_temp0p2_seed1,147,2020-07-07,3,2020-07-07 02:00:00,2020,7,7,Tuesday,summer,3769.8,28.092938940000003,28.092938940000003,0.0,3769.8,105904.76121601202,105904.76121601202,0.0,89732.45109715199,16172.310118860016,321_CC_1,Firm_CC,Gas_CC,0.0,False
revised_v2_hourly_summer_high_daily_schedule_tarj_profit_max_openai_gpt-4.1_temp0p2_seed1,148,2020-07-07,4,2020-07-07 03:00:00,2020,7,7,Tuesday,summer,3681.2,28.092938940000003,28.092938940000003,0.0,3681.2,103415.72682592801,103415.726825928,1.4551915228366852e-11,87243.41670706798,16172.310118860016,321_CC_1,Firm_CC,Gas_CC,0.0,False
revised_v2_hourly_summer_high_daily_schedule_tarj_profit_max_openai_gpt-4.1_temp0p2_seed1,149,2020-07-07,5,2020-07-07 04:00:00,2020,7,7,Tuesday,summer,3629.6,28.092938940000003,28.092938940000003,0.0,3629.6,101966.13117662401,101966.131176624,1.4551915228366852e-11,85793.82105776398,16172.310118860016,321_CC_1,Firm_CC,Gas_CC,0.0,False
revised_v2_hourly_summer_high_daily_schedule_tarj_profit_max_openai_gpt-4.1_temp0p2_seed1,150,2020-07-07,6,2020-07-07 05:00:00,2020,7,7,Tuesday,summer,3589.3,28.092938940000003,28.092938940000003,0.0,3589.3,100833.98573734202,100833.98573734202,0.0,84661.675618482,16172.310118860016,321_CC_1,Firm_CC,Gas_CC,0.0,False
revised_v2_hourly_summer_high_daily_schedule_tarj_profit_max_openai_gpt-4.1_temp0p2_seed1,151,2020-07-07,7,2020-07-07 06:00:00,2020,7,7,Tuesday,summer,3704.9,30.902232834000007,28.092938940000003,2.809293894000003,3704.9,114489.68242668663,104081.529478806,10408.152947880633,87909.219359946,26580.463066740635,321_CC_1,Firm_CC,Gas_CC,0.0,False
revised_v2_hourly_summer_high_daily_schedule_tarj_profit_max_openai_gpt-4.1_temp0p2_seed1,152,2020-07-07,8,2020-07-07 07:00:00,2020,7,7,Tuesday,summer,4003.0,31.560727902000007,28.20955554,3.351172362000007,4003.0,126337.59379170602,112922.85082662,13414.742965086029,97630.10890604,28707.484885666032,323_CC_2,Firm_CC,Gas_CC,0.0,False
revised_v2_hourly_summer_high_daily_schedule_tarj_profit_max_openai_gpt-4.1_temp0p2_seed1,153,2020-07-07,9,2020-07-07 08:00:00,2020,7,7,Tuesday,summer,4392.7,35.864463525000005,28.691570820000003,7.172892705000002,4392.7,157541.8289262675,126033.463141014,31508.36578525351,107426.01182759399,50115.817098673535,323_CC_1,Firm_CC,Gas_CC,0.0,False
revised_v2_hourly_summer_high_daily_schedule_tarj_profit_max_openai_gpt-4.1_temp0p2_seed1,154,2020-07-07,10,2020-07-07 09:00:00,2020,7,7,Tuesday,summer,4727.3,38.387944409999996,28.691570820000003,9.696373589999993,4727.3,181471.329609393,135633.662737386,45837.66687200699,118222.10858886199,63249.221020531,123_STEAM_3,Firm_Coal,Coal,0.0,False
revised_v2_hourly_summer_high_daily_schedule_tarj_profit_max_openai_gpt-4.1_temp0p2_seed1,155,2020-07-07,11,2020-07-07 10:00:00,2020,7,7,Tuesday,summer,5049.0,49.00651617999999,30.41360928,18.592906899999992,5049.0,247433.90019281994,153558.31325472,93875.58693809994,135236.25038786,112197.64980495995,102_STEAM_3,Firm_Coal,Coal,0.0,False
revised_v2_hourly_summer_high_daily_schedule_tarj_profit_max_openai_gpt-4.1_temp0p2_seed1,156,2020-07-07,12,2020-07-07 11:00:00,2020,7,7,Tuesday,summer,5331.7,50.08465107999999,30.84120348,19.243447599999993,5331.7,267036.33416323597,164436.044594316,102600.28956891998,146292.607786318,120743.72637691794,202_STEAM_3,Firm_Coal,Coal,0.0,False
revised_v2_hourly_summer_high_daily_schedule_tarj_profit_max_openai_gpt-4.1_temp0p2_seed1,157,2020-07-07,13,2020-07-07 12:00:00,2020,7,7,Tuesday,summer,5497.0,100.16930215999999,30.84120348,69.32809867999998,5497.0,550630.6539735199,169534.09552956,381096.5584439599,148318.11221658002,402312.54175693996,316_STEAM_1,Firm_Coal,Coal,0.0,False
revised_v2_hourly_summer_high_daily_schedule_tarj_profit_max_openai_gpt-4.1_temp0p2_seed1,158,2020-07-07,14,2020-07-07 13:00:00,2020,7,7,Tuesday,summer,5570.5,109.83446444,30.91117344,78.923291,5570.5,611832.8841630201,172190.69164752,439642.19251550006,143630.51796562498,468202.3661973951,201_STEAM_3,Firm_Coal,Coal,0.0,False
revised_v2_hourly_summer_high_daily_schedule_tarj_profit_max_openai_gpt-4.1_temp0p2_seed1,159,2020-07-07,15,2020-07-07 14:00:00,2020,7,7,Tuesday,summer,5585.5,109.83446444,30.91117344,78.923291,5585.5,613480.40112962,172654.35924912,440826.04188050004,144042.39720727497,469438.00392234506,201_STEAM_3,Firm_Coal,Coal,0.0,False
revised_v2_hourly_summer_high_daily_schedule_tarj_profit_max_openai_gpt-4.1_temp0p2_seed1,160,2020-07-07,16,2020-07-07 15:00:00,2020,7,7,Tuesday,summer,5566.2,109.83446444,30.91117344,78.923291,5566.2,611360.595965928,172057.773601728,439302.8223642,143512.44591635198,467848.15004957607,201_STEAM_3,Firm_Coal,Coal,0.0,False
revised_v2_hourly_summer_high_daily_schedule_tarj_profit_max_openai_gpt-4.1_temp0p2_seed1,161,2020-07-07,17,2020-07-07 16:00:00,2020,7,7,Tuesday,summer,5519.4,102.36785176,30.84120348,71.52664827999999,5519.4,565009.121004144,170224.938487512,394784.18251663196,142245.302552836,422763.81845130795,123_STEAM_3,Firm_Coal,Coal,0.0,False
revised_v2_hourly_summer_high_daily_schedule_tarj_profit_max_openai_gpt-4.1_temp0p2_seed1,162,2020-07-07,18,2020-07-07 17:00:00,2020,7,7,Tuesday,summer,5325.6,61.68240696,30.84120348,30.84120348,5325.6,328495.82650617603,164247.91325308802,164247.91325308802,135069.39649564802,193426.430010528,313_CC_1,Firm_CC,Gas_CC,0.0,False
revised_v2_hourly_summer_high_daily_schedule_tarj_profit_max_openai_gpt-4.1_temp0p2_seed1,163,2020-07-07,19,2020-07-07 18:00:00,2020,7,7,Tuesday,summer,5083.9,45.62041392,30.41360928,15.206804639999998,5083.9,231929.62232788798,154619.748218592,77309.87410929598,129280.59978295199,102649.02254493599,213_CC_3,Firm_CC,Gas_CC,0.0,False
revised_v2_hourly_summer_high_daily_schedule_tarj_profit_max_openai_gpt-4.1_temp0p2_seed1,164,2020-07-07,20,2020-07-07 19:00:00,2020,7,7,Tuesday,summer,5029.3,45.62041392,30.41360928,15.206804639999998,5029.3,229438.74772785598,152959.165151904,76479.582575952,127620.01671626401,101818.73101159198,213_CC_3,Firm_CC,Gas_CC,0.0,False
revised_v2_hourly_summer_high_daily_schedule_tarj_profit_max_openai_gpt-4.1_temp0p2_seed1,165,2020-07-07,21,2020-07-07 20:00:00,2020,7,7,Tuesday,summer,4847.4,38.0170116,30.41360928,7.603402319999997,4847.4,184283.66202983996,147426.92962387198,36856.73240596798,120472.757894832,63810.90413500799,213_CC_3,Firm_CC,Gas_CC,0.0,False
revised_v2_hourly_summer_high_daily_schedule_tarj_profit_max_openai_gpt-4.1_temp0p2_seed1,166,2020-07-07,22,2020-07-07 21:00:00,2020,7,7,Tuesday,summer,4650.9,31.560727902000007,28.691570820000003,2.8691570820000045,4650.9,146785.78939941182,133441.626726738,13344.162672673818,114834.17541331798,31951.61398609384,323_CC_2,Firm_CC,Gas_CC,0.0,False
revised_v2_hourly_summer_high_daily_schedule_tarj_profit_max_openai_gpt-4.1_temp0p2_seed1,167,2020-07-07,23,2020-07-07 22:00:00,2020,7,7,Tuesday,summer,4332.9,28.691570820000003,28.691570820000003,0.0,4332.9,124317.707205978,124317.707205978,0.0,105710.255892558,18607.45131342002,323_CC_1,Firm_CC,Gas_CC,0.0,False
revised_v2_hourly_summer_high_daily_schedule_tarj_profit_max_openai_gpt-4.1_temp0p2_seed1,168,2020-07-07,24,2020-07-07 23:00:00,2020,7,7,Tuesday,summer,4006.6,28.20955554,28.20955554,0.0,4006.6,113024.40522656399,113024.405226564,-1.4551915228366852e-11,96411.051126504,16613.35410006001,118_CC_1,Firm_CC,Gas_CC,0.0,False
