treatment,round,max_firm_regret,total_current_profit
tarj_aggressive_profit_max,1,14069.760720435,83066.77050030004
tarj_aggressive_profit_max,2,11997.089574327,80861.55059430008
tarj_aggressive_profit_max,3,10614.916978478996,80861.55059430008
tarj_aggressive_profit_max,4,10686.553972776002,80861.55059430008
tarj_aggressive_profit_max,5,11480.179497831004,80861.55059430008
tarj_aggressive_profit_max,6,13260.7478682432,137965.38653669404
tarj_aggressive_profit_max,7,27311.966024503505,246146.2378016777
tarj_aggressive_profit_max,8,63409.61134101904,394565.58178572607
tarj_aggressive_profit_max,9,171300.32507268607,771854.036290746
tarj_aggressive_profit_max,10,269147.16882658796,1165242.5802153738
tarj_aggressive_profit_max,11,312459.2582173081,1711395.9396318558
tarj_aggressive_profit_max,12,181488.5211151382,3743900.204166036
tarj_aggressive_profit_max,13,104507.44323360002,5736022.481586223
tarj_aggressive_profit_max,14,136559.18532989995,8072196.92819754
tarj_aggressive_profit_max,15,138274.2851022,10615869.997082701
tarj_aggressive_profit_max,16,141907.48013422504,10599031.123689601
tarj_aggressive_profit_max,17,109690.6670462638,7201971.426366192
tarj_aggressive_profit_max,18,417654.3646629001,3946063.20727689
tarj_aggressive_profit_max,19,336895.40184085805,1647848.0219422118
tarj_aggressive_profit_max,20,343556.7807081662,921936.076550334
tarj_aggressive_profit_max,21,286331.5060693621,505057.1991991174
tarj_aggressive_profit_max,22,131681.30284259707,283047.1459705868
tarj_aggressive_profit_max,23,50287.43213704857,140283.49911091634
tarj_aggressive_profit_max,24,18232.866247524,93037.25656710009
tarj_aggressive_profit_max,25,15223.286647161003,83066.77050030004
tarj_aggressive_profit_max,26,12455.004479048996,80861.55059430008
tarj_aggressive_profit_max,27,10748.358438443998,80861.55059430008
tarj_aggressive_profit_max,28,10569.968276175,80861.55059430008
tarj_aggressive_profit_max,29,10985.743772487,80861.55059430008
tarj_aggressive_profit_max,30,12627.725441925602,137174.10850379706
tarj_aggressive_profit_max,31,26291.687877006,244406.81132071518
tarj_aggressive_profit_max,32,62147.41623558306,394100.7783384421
tarj_aggressive_profit_max,33,175363.792016208,774102.5145728879
tarj_aggressive_profit_max,34,277183.45274323213,1171732.9967283711
tarj_aggressive_profit_max,35,322301.9095559101,1723194.4755576998
tarj_aggressive_profit_max,36,301210.60212576017,4084446.32482104
tarj_aggressive_profit_max,37,111367.73581297204,7230908.676098467
tarj_aggressive_profit_max,38,83516.49410580008,9697900.826957552
tarj_aggressive_profit_max,39,76638.7035943201,11228145.21851538
tarj_aggressive_profit_max,40,85295.81852693987,11280217.81122906
tarj_aggressive_profit_max,41,159193.02911850007,7981913.52069993
tarj_aggressive_profit_max,42,272673.2684209199,5024406.824805654
tarj_aggressive_profit_max,43,301127.3814102242,2341802.112762144
tarj_aggressive_profit_max,44,348112.07135955326,1469057.1526400452
tarj_aggressive_profit_max,45,348626.288564394,521482.8760541809
tarj_aggressive_profit_max,46,184587.5802828313,300734.84212995926
tarj_aggressive_profit_max,47,73245.12943656003,141584.08801618693
tarj_aggressive_profit_max,48,21207.374571602995,93037.25656710009
tarj_aggressive_profit_max,49,17048.444890599,83066.77050030004
tarj_aggressive_profit_max,50,14166.681359778002,83066.77050030004
tarj_aggressive_profit_max,51,12405.841835903995,80861.55059430008
tarj_aggressive_profit_max,52,12046.252217472,80861.55059430008
tarj_aggressive_profit_max,53,12129.126387345,80861.55059430008
tarj_aggressive_profit_max,54,13512.37710366,138279.92308096506
tarj_aggressive_profit_max,55,27903.096250166986,247154.02922673017
tarj_aggressive_profit_max,56,70474.39783394556,397167.1899698296
tarj_aggressive_profit_max,57,192116.68204651796,783372.5566132979
tarj_aggressive_profit_max,58,296343.88781587797,1216852.5381845855
tarj_aggressive_profit_max,59,257242.516372056,2558172.456970893
tarj_aggressive_profit_max,60,575511.91213986,4136513.5084680896
tarj_aggressive_profit_max,61,72854.87042977208,9453579.777771683
tarj_aggressive_profit_max,62,97995.63059790005,10984670.901082404
tarj_aggressive_profit_max,63,77755.75068239993,11234864.2627365
tarj_aggressive_profit_max,64,87072.93889433995,11290907.19976266
tarj_aggressive_profit_max,65,163106.7778401121,9366168.911181085
tarj_aggressive_profit_max,66,282536.73154668,7408401.234566437
tarj_aggressive_profit_max,67,527473.8261919802,2354080.674187422
tarj_aggressive_profit_max,68,343673.4639739891,1514449.2230940831
tarj_aggressive_profit_max,69,352784.5278751261,522613.12113945896
tarj_aggressive_profit_max,70,201196.1102352793,302683.7004600423
tarj_aggressive_profit_max,71,91899.97207374002,180657.58846723495
tarj_aggressive_profit_max,72,34995.69862042802,93037.25656710009
tarj_aggressive_profit_max,73,18328.77873636,93037.25656710009
tarj_aggressive_profit_max,74,15798.761580177004,83066.77050030004
tarj_aggressive_profit_max,75,13151.121617097,83066.77050030004
tarj_aggressive_profit_max,76,11870.671349097,80861.55059430008
tarj_aggressive_profit_max,77,10805.948963271005,80861.55059430008
tarj_aggressive_profit_max,78,10648.628505207,121765.99340849774
tarj_aggressive_profit_max,79,20975.165168170497,222002.35772924256
tarj_aggressive_profit_max,80,49001.61651420752,377942.40294188855
tarj_aggressive_profit_max,81,96812.58628866,749132.57154489
tarj_aggressive_profit_max,82,173882.70327663,1147119.488409053
tarj_aggressive_profit_max,83,276571.35864292807,1691974.2185555436
tarj_aggressive_profit_max,84,301719.65846296825,3744007.971898428
tarj_aggressive_profit_max,85,130644.55658474984,6763483.484733582
tarj_aggressive_profit_max,86,130644.55658474984,9605138.834138958
tarj_aggressive_profit_max,87,137052.5027020499,10143324.862605361
tarj_aggressive_profit_max,88,143772.3059028751,10115743.699059106
tarj_aggressive_profit_max,89,129419.35731821996,8551376.99132052
tarj_aggressive_profit_max,90,413379.23509188014,4129470.3338493775
tarj_aggressive_profit_max,91,270444.35046691203,2291860.2371072215
tarj_aggressive_profit_max,92,315859.57203710417,930996.1532139439
tarj_aggressive_profit_max,93,259574.7539126101,515926.97250245296
tarj_aggressive_profit_max,94,188358.8404675224,301177.36484851944
tarj_aggressive_profit_max,95,88691.17069912807,178696.11833806318
tarj_aggressive_profit_max,96,34181.85158257198,93037.25656710009
tarj_aggressive_profit_max,97,18627.800025084,93037.25656710009
tarj_aggressive_profit_max,98,16254.345902148005,83066.77050030004
tarj_aggressive_profit_max,99,13387.102304193004,83066.77050030004
tarj_aggressive_profit_max,100,12058.894039995,80861.55059430008
tarj_aggressive_profit_max,101,10496.926634931004,80861.55059430008
tarj_aggressive_profit_max,102,9668.751498516003,80861.55059430008
tarj_aggressive_profit_max,103,21114.145858327196,122548.40361916891
tarj_aggressive_profit_max,104,30291.075089184007,227297.53229403065
tarj_aggressive_profit_max,105,49515.61350803545,370791.3161353395
tarj_aggressive_profit_max,106,110315.843196756,711713.0216600599
tarj_aggressive_profit_max,107,172926.81527636398,1085767.108258328
tarj_aggressive_profit_max,108,199437.33952098005,1510955.2361406197
tarj_aggressive_profit_max,109,349813.9885970279,3129236.258089008
tarj_aggressive_profit_max,110,381815.1214212604,6571728.534163715
tarj_aggressive_profit_max,111,425789.43955479015,6749266.02772872
tarj_aggressive_profit_max,112,426621.4523491501,6744592.0305135
tarj_aggressive_profit_max,113,373565.8030771804,6146253.628602529
tarj_aggressive_profit_max,114,348226.81101537606,3076414.501657722
tarj_aggressive_profit_max,115,305494.363921836,1524154.7796648757
tarj_aggressive_profit_max,116,324376.39253526006,931841.7511772399
tarj_aggressive_profit_max,117,292725.7870534741,565299.6998353201
tarj_aggressive_profit_max,118,102704.28945925394,301743.5795164029
tarj_aggressive_profit_max,119,55560.36509625604,154289.31307432306
tarj_aggressive_profit_max,120,21944.747941676993,93037.25656710009
tarj_aggressive_profit_max,121,17383.758625770002,93037.25656710009
tarj_aggressive_profit_max,122,15573.085135857002,83066.77050030004
tarj_aggressive_profit_max,123,13724.217571473002,83066.77050030004
tarj_aggressive_profit_max,124,13249.446903387,83066.77050030004
tarj_aggressive_profit_max,125,13219.9493175,83066.77050030004
tarj_aggressive_profit_max,126,16258.577335479002,126731.77732955525
tarj_aggressive_profit_max,127,25155.871152795,213714.61459899007
tarj_aggressive_profit_max,128,51497.7831755475,359639.21335365454
tarj_aggressive_profit_max,129,77079.0245526,734611.88238844
tarj_aggressive_profit_max,130,136422.64011912607,1123334.134125518
tarj_aggressive_profit_max,131,163838.87003309408,1626386.349255064
tarj_aggressive_profit_max,132,300780.18930253806,2425981.0960682295
tarj_aggressive_profit_max,133,246759.31453914032,6477989.406356039
tarj_aggressive_profit_max,134,381478.7758235404,6573598.494561263
tarj_aggressive_profit_max,135,376964.6638541405,6598695.331475724
tarj_aggressive_profit_max,136,377885.1886479003,6593577.54512454
tarj_aggressive_profit_max,137,251099.78905580423,6520783.470038123
tarj_aggressive_profit_max,138,228045.40442789404,2420082.05092373
tarj_aggressive_profit_max,139,222334.51615588207,1545463.373039744
tarj_aggressive_profit_max,140,231080.843953668,1041147.760312014
tarj_aggressive_profit_max,141,188477.91915492597,684589.716731664
tarj_aggressive_profit_max,142,123103.67048040002,364287.16107671993
tarj_aggressive_profit_max,143,44802.59880796802,186394.17661692438
tarj_aggressive_profit_max,144,20634.97773374399,105433.1628241729
tarj_aggressive_profit_max,145,16884.829468467004,83066.77050030004
tarj_aggressive_profit_max,146,14036.049193707,83066.77050030004
tarj_aggressive_profit_max,147,12470.455595466005,80861.55059430008
tarj_aggressive_profit_max,148,11225.938400423998,80861.55059430008
tarj_aggressive_profit_max,149,10501.140575772,80861.55059430008
tarj_aggressive_profit_max,150,12252.735318681003,90944.9491680343
tarj_aggressive_profit_max,151,27738.26558588251,142228.09789763924
tarj_aggressive_profit_max,152,35802.888016590005,236314.4648191811
tarj_aggressive_profit_max,153,133328.80347037502,423301.641586136
tarj_aggressive_profit_max,154,141475.26655633806,745375.232155325
tarj_aggressive_profit_max,155,486769.8165264,1491330.4765663198
tarj_aggressive_profit_max,156,508194.40681363194,2016999.87685484
tarj_aggressive_profit_max,157,484520.0655817002,3323293.6329124197
tarj_aggressive_profit_max,158,305025.29826222,4506985.006485272
tarj_aggressive_profit_max,159,306870.52272402,4518742.544111447
tarj_aggressive_profit_max,160,304496.33391650394,4503614.512365769
tarj_aggressive_profit_max,161,299918.36736160796,4259908.126466289
tarj_aggressive_profit_max,162,426448.598948688,2311641.829139892
tarj_aggressive_profit_max,163,379886.2047241381,1562279.0126394096
tarj_aggressive_profit_max,164,404271.02732563816,964184.532662475
tarj_aggressive_profit_max,165,53706.217132223974,538402.4442186989
tarj_aggressive_profit_max,166,43651.35584554802,277758.8766768862
tarj_aggressive_profit_max,167,20814.30005136899,154509.81229045024
tarj_aggressive_profit_max,168,15862.233080142,94369.21102295644
tarj_balanced_profit_compliance,1,24947.684866143005,106721.66723255005
tarj_balanced_profit_compliance,2,21131.227741278595,102178.4727934869
tarj_balanced_profit_compliance,3,18643.317068752192,101625.6037551477
tarj_balanced_profit_compliance,4,18772.2636584868,101654.25855286651
tarj_balanced_profit_compliance,5,20200.7896035858,101971.7087628885
tarj_balanced_profit_compliance,6,19967.322820535996,171701.06113217206
tarj_balanced_profit_compliance,7,27311.966024503505,246146.2378016777
tarj_balanced_profit_compliance,8,63409.61134101904,260552.99279967017
tarj_balanced_profit_compliance,9,130456.29793706708,366490.627069056
tarj_balanced_profit_compliance,10,258991.72883218795,482024.692275024
tarj_balanced_profit_compliance,11,339453.99220201204,685709.6636858638
tarj_balanced_profit_compliance,12,320623.1918304782,1789407.593976618
tarj_balanced_profit_compliance,13,271719.2888513133,3023751.809304495
tarj_balanced_profit_compliance,14,242378.23101257987,4897037.048158021
tarj_balanced_profit_compliance,15,253471.57167414005,5312147.4566769
tarj_balanced_profit_compliance,16,353948.1881731139,4695709.6212561
tarj_balanced_profit_compliance,17,388704.62879126385,2994688.966409436
tarj_balanced_profit_compliance,18,351787.2312638101,1826941.7957488499
tarj_balanced_profit_compliance,19,365551.611397962,604371.5474545199
tarj_balanced_profit_compliance,20,343556.7807081662,482249.700417271
tarj_balanced_profit_compliance,21,246133.3874447656,287744.34282626334
tarj_balanced_profit_compliance,22,136013.28125686804,194314.77142062245
tarj_balanced_profit_compliance,23,44010.8612279226,127071.89149543091
tarj_balanced_profit_compliance,24,32828.66979573959,116970.96547550493
tarj_balanced_profit_compliance,25,17550.574979211007,84760.52824466005
tarj_balanced_profit_compliance,26,14772.671941598996,82996.35231986007
tarj_balanced_profit_compliance,27,13066.025900993998,81186.86695874007
tarj_balanced_profit_compliance,28,12887.635738725,81186.86695874007
tarj_balanced_profit_compliance,29,13303.411235036998,81186.86695874007
tarj_balanced_profit_compliance,30,12627.725441925602,137967.90937171786
tarj_balanced_profit_compliance,31,26291.687877006,226242.4647502814
tarj_balanced_profit_compliance,32,62147.41623558306,260294.76866229018
tarj_balanced_profit_compliance,33,133448.809920576,367270.73614708794
tarj_balanced_profit_compliance,34,269572.4120359321,482558.9191391761
tarj_balanced_profit_compliance,35,349965.8704455901,689725.0251157199
tarj_balanced_profit_compliance,36,311767.52430853207,1904824.3572657
tarj_balanced_profit_compliance,37,312314.69250550785,3655246.27147962
tarj_balanced_profit_compliance,38,277818.8654988721,5677717.61166915
tarj_balanced_profit_compliance,39,308646.24213733204,5994061.4119806
tarj_balanced_profit_compliance,40,436791.6839930939,5143729.040905785
tarj_balanced_profit_compliance,41,485209.3114935,3506052.01184064
tarj_balanced_profit_compliance,42,463864.1382770338,2040906.122204001
tarj_balanced_profit_compliance,43,386013.95730278414,1199825.525591688
tarj_balanced_profit_compliance,44,381321.4149383882,912018.2540389965
tarj_balanced_profit_compliance,45,290031.627047427,348200.4945693065
tarj_balanced_profit_compliance,46,192583.4706970561,235533.6729464145
tarj_balanced_profit_compliance,47,61365.96548356802,114293.8135150357
tarj_balanced_profit_compliance,48,23574.429164253,92736.9170981001
tarj_balanced_profit_compliance,49,17048.444890599,83066.77050030004
tarj_balanced_profit_compliance,50,14166.681359778002,83066.77050030004
tarj_balanced_profit_compliance,51,12405.841835903995,80861.55059430008
tarj_balanced_profit_compliance,52,12046.252217472,80861.55059430008
tarj_balanced_profit_compliance,53,14446.793849895,80861.55059430008
tarj_balanced_profit_compliance,54,13512.37710366,138279.92308096506
tarj_balanced_profit_compliance,55,32212.14582145799,211193.11871677055
tarj_balanced_profit_compliance,56,70474.39783394556,261998.3306797277
tarj_balanced_profit_compliance,57,145786.359326271,370486.97532844794
tarj_balanced_profit_compliance,58,286188.447821478,491859.51280893595
tarj_balanced_profit_compliance,59,359785.52188089606,1150455.987300159
tarj_balanced_profit_compliance,60,331131.6407685721,1924850.19712995
tarj_balanced_profit_compliance,61,327643.1515826278,4444250.0241201
tarj_balanced_profit_compliance,62,271567.4250783239,5867225.71098426
tarj_balanced_profit_compliance,63,309867.55379514006,5997419.7368274
tarj_balanced_profit_compliance,64,438734.67981233384,5499061.591734495
tarj_balanced_profit_compliance,65,489123.06021511205,3683851.8142338004
tarj_balanced_profit_compliance,66,424173.22392450005,2494795.9740736024
tarj_balanced_profit_compliance,67,397530.753829932,1131861.6156178259
tarj_balanced_profit_compliance,68,376466.8011556442,874509.3504888854
tarj_balanced_profit_compliance,69,294246.13464510307,348829.7577968335
tarj_balanced_profit_compliance,70,209397.0946526461,211790.8808593713
tarj_balanced_profit_compliance,71,91899.97207374002,134770.85864519997
tarj_balanced_profit_compliance,72,34995.69862042802,93037.25656710009
tarj_balanced_profit_compliance,73,18328.77873636,93037.25656710009
tarj_balanced_profit_compliance,74,15798.761580177004,83066.77050030004
tarj_balanced_profit_compliance,75,13151.121617097,83066.77050030004
tarj_balanced_profit_compliance,76,11870.671349097,80861.55059430008
tarj_balanced_profit_compliance,77,13123.616425821,80861.55059430008
tarj_balanced_profit_compliance,78,12842.099288757,81186.86695874007
tarj_balanced_profit_compliance,79,26150.6312753166,139439.81921870986
tarj_balanced_profit_compliance,80,49001.61651420752,232324.2170169968
tarj_balanced_profit_compliance,81,100118.42783463004,321301.32606059994
tarj_balanced_profit_compliance,82,183796.00969775708,434929.403530977
tarj_balanced_profit_compliance,83,323188.49930779205,590886.5480413198
tarj_balanced_profit_compliance,84,320674.83665795415,1838051.183243292
tarj_balanced_profit_compliance,85,297528.85396668606,3270875.586869781
tarj_balanced_profit_compliance,86,252068.0069291878,5226688.41766938
tarj_balanced_profit_compliance,87,254511.71711151593,5643364.2563289
tarj_balanced_profit_compliance,88,352360.5977686977,5160048.414556425
tarj_balanced_profit_compliance,89,392745.01614347985,3321428.51154591
tarj_balanced_profit_compliance,90,368416.865711082,1839265.9391045698
tarj_balanced_profit_compliance,91,322330.854184752,1073138.153913552
tarj_balanced_profit_compliance,92,314591.1130653601,486265.840490636
tarj_balanced_profit_compliance,93,269314.5294588511,323677.382538229
tarj_balanced_profit_compliance,94,196401.301099002,194310.9095594669
tarj_balanced_profit_compliance,95,88691.17069912807,134770.85864519997
tarj_balanced_profit_compliance,96,34181.85158257198,93037.25656710009
tarj_balanced_profit_compliance,97,18627.800025084,93037.25656710009
tarj_balanced_profit_compliance,98,16254.345902148005,83066.77050030004
tarj_balanced_profit_compliance,99,13387.102304193004,83066.77050030004
tarj_balanced_profit_compliance,100,12058.894039995,80861.55059430008
tarj_balanced_profit_compliance,101,10496.926634931004,80861.55059430008
tarj_balanced_profit_compliance,102,9668.751498516003,80861.55059430008
tarj_balanced_profit_compliance,103,25413.290829996004,118743.50745121487
tarj_balanced_profit_compliance,104,32978.1781466418,153707.0176445312
tarj_balanced_profit_compliance,105,61498.788195289446,248296.38543604533
tarj_balanced_profit_compliance,106,126798.783290556,327076.1101226399
tarj_balanced_profit_compliance,107,266716.632044118,353885.66005632
tarj_balanced_profit_compliance,108,328946.0217807001,477706.2641606
tarj_balanced_profit_compliance,109,349029.60668677196,1246432.289711484
tarj_balanced_profit_compliance,110,337422.30401636416,2341300.6734325257
tarj_balanced_profit_compliance,111,396016.4371337939,2958990.1332470546
tarj_balanced_profit_compliance,112,394937.94465984,2957185.3834916996
tarj_balanced_profit_compliance,113,402831.266926017,2114742.5928450897
tarj_balanced_profit_compliance,114,355975.8359822942,1072002.3293177206
tarj_balanced_profit_compliance,115,341737.63910384406,431294.16845218197
tarj_balanced_profit_compliance,116,329930.65460670006,384387.90683157
tarj_balanced_profit_compliance,117,222050.42979963133,229359.4776415257
tarj_balanced_profit_compliance,118,103623.46685972394,136011.00260299176
tarj_balanced_profit_compliance,119,60052.12555065605,93037.25656710009
tarj_balanced_profit_compliance,120,21944.747941676993,93037.25656710009
tarj_balanced_profit_compliance,121,17383.758625770002,93037.25656710009
tarj_balanced_profit_compliance,122,15573.085135857002,83066.77050030004
tarj_balanced_profit_compliance,123,13724.217571473002,83066.77050030004
tarj_balanced_profit_compliance,124,13249.446903387,83066.77050030004
tarj_balanced_profit_compliance,125,13219.9493175,83066.77050030004
tarj_balanced_profit_compliance,126,16258.577335479002,93983.02220761385
tarj_balanced_profit_compliance,127,31117.96071617401,158721.97750302605
tarj_balanced_profit_compliance,128,40865.691234634185,176641.19440593588
tarj_balanced_profit_compliance,129,101045.47888204805,297228.19397524797
tarj_balanced_profit_compliance,130,155812.5047470021,347586.3442455301
tarj_balanced_profit_compliance,131,302436.72596756706,444914.24315762706
tarj_balanced_profit_compliance,132,361625.397559176,528742.5789957689
tarj_balanced_profit_compliance,133,320668.5988360201,2677573.2368969996
tarj_balanced_profit_compliance,134,337828.84347795614,2977094.12279706
tarj_balanced_profit_compliance,135,343285.03098879603,2987250.87472821
tarj_balanced_profit_compliance,136,342172.3966728601,2985179.6939422498
tarj_balanced_profit_compliance,137,287240.849274792,2631853.6967290286
tarj_balanced_profit_compliance,138,357752.03549847606,527720.765838219
tarj_balanced_profit_compliance,139,244608.3349574101,364187.86592904007
tarj_balanced_profit_compliance,140,231080.843953668,359784.04022187006
tarj_balanced_profit_compliance,141,200771.53127408875,253632.0103760929
tarj_balanced_profit_compliance,142,123103.67048040002,150071.94547396796
tarj_balanced_profit_compliance,143,44802.59880796802,93037.25656710009
tarj_balanced_profit_compliance,144,20634.97773374399,93037.25656710009
tarj_balanced_profit_compliance,145,16884.829468467004,83066.77050030004
tarj_balanced_profit_compliance,146,14036.049193707,83066.77050030004
tarj_balanced_profit_compliance,147,12470.455595466005,80861.55059430008
tarj_balanced_profit_compliance,148,11225.938400423998,80861.55059430008
tarj_balanced_profit_compliance,149,10501.140575772,80861.55059430008
tarj_balanced_profit_compliance,150,9914.394648366006,80861.55059430008
tarj_balanced_profit_compliance,151,11101.2057515304,132902.31533370318
tarj_balanced_profit_compliance,152,27995.162917896003,139528.19591361005
tarj_balanced_profit_compliance,153,51559.669488567,215497.2836354896
tarj_balanced_profit_compliance,154,91469.4450634305,250435.18503586054
tarj_balanced_profit_compliance,155,181831.28101458005,326718.75021359994
tarj_balanced_profit_compliance,156,261239.91515265295,474096.31348002504
tarj_balanced_profit_compliance,157,338278.57676880003,747693.79318538
tarj_balanced_profit_compliance,158,337684.80529140006,1227604.087477885
tarj_balanced_profit_compliance,159,328028.5523418601,1356417.21386964
tarj_balanced_profit_compliance,160,325648.961853432,1349528.887437072
tarj_balanced_profit_compliance,161,242625.05237881193,1250810.2137056282
tarj_balanced_profit_compliance,162,176515.76305493413,597574.3452331921
tarj_balanced_profit_compliance,163,118472.97223131594,366700.48097308795
tarj_balanced_profit_compliance,164,105092.79870241208,325969.8150850799
tarj_balanced_profit_compliance,165,66006.61361645273,208484.32345713596
tarj_balanced_profit_compliance,166,49586.323691903955,146413.90725779536
tarj_balanced_profit_compliance,167,20814.30005136899,93037.25656710009
tarj_balanced_profit_compliance,168,15862.233080142,83066.77050030004
tarj_compliance,1,14069.760720435,83066.77050030004
tarj_compliance,2,11997.089574327,80861.55059430008
tarj_compliance,3,10614.916978478996,80861.55059430008
tarj_compliance,4,10686.553972776002,80861.55059430008
tarj_compliance,5,11480.179497831004,80861.55059430008
tarj_compliance,6,14065.546779594,83066.77050030004
tarj_compliance,7,22266.093534861,92436.5776291001
tarj_compliance,8,47329.21406356802,108260.09596182004
tarj_compliance,9,135307.2221649481,138371.82762328003
tarj_compliance,10,227930.00647136391,145474.58964200402
tarj_compliance,11,317887.85113081196,207473.0314408226
tarj_compliance,12,333291.7253857082,788002.9491285179
tarj_compliance,13,360336.2256988232,1185666.90438258
tarj_compliance,14,424173.22392450005,1923434.5823917203
tarj_compliance,15,437932.64836839,2205608.64603045
tarj_compliance,16,433617.4450357501,2052392.1690717
tarj_compliance,17,388095.49889057106,1293901.193746806
tarj_compliance,18,351996.65135409,882597.8087695498
tarj_compliance,19,345180.596115762,202620.88092524646
tarj_compliance,20,322178.52452844614,147836.69912579996
tarj_compliance,21,257035.0363932781,147836.69912579996
tarj_compliance,22,137075.85284386808,134770.85864519997
tarj_compliance,23,39906.57991267198,93037.25656710009
tarj_compliance,24,18232.866247524,93037.25656710009
tarj_compliance,25,15223.286647161003,83066.77050030004
tarj_compliance,26,12455.004479048996,80861.55059430008
tarj_compliance,27,10748.358438443998,80861.55059430008
tarj_compliance,28,10569.968276175,80861.55059430008
tarj_compliance,29,10985.743772487,80861.55059430008
tarj_compliance,30,13277.539842327,83066.77050030004
tarj_compliance,31,21570.322942476,92436.5776291001
tarj_compliance,32,46520.69718177604,108260.09596182004
tarj_compliance,33,139627.73425202395,138371.82762328003
tarj_compliance,34,236450.59485186613,145663.66448480604
tarj_compliance,35,328881.11492475006,208044.3921098355
tarj_compliance,36,336720.403861122,884778.0824411997
tarj_compliance,37,388018.03164935706,1340293.9404584083
tarj_compliance,38,451646.1447927421,2216799.451930875
tarj_compliance,39,496947.2158153021,2330800.49610987
tarj_compliance,40,506281.1525033339,2162359.52960373
tarj_compliance,41,507836.12816014496,1444067.1036744302
tarj_compliance,42,407559.0295444036,964175.0194483903
tarj_compliance,43,360464.98616846406,751200.529349112
tarj_compliance,44,350425.7767731181,581915.0387978089
tarj_compliance,45,303035.520139002,147836.69912579996
tarj_compliance,46,192583.4706970561,145892.5837872001
tarj_compliance,47,56874.20502916803,93037.25656710009
tarj_compliance,48,21207.374571602995,93037.25656710009
tarj_compliance,49,17048.444890599,83066.77050030004
tarj_compliance,50,14166.681359778002,83066.77050030004
tarj_compliance,51,12405.841835903995,80861.55059430008
tarj_compliance,52,12046.252217472,80861.55059430008
tarj_compliance,53,12129.126387345,80861.55059430008
tarj_compliance,54,14378.783048775,83066.77050030004
tarj_compliance,55,22669.21010488199,117395.60072364094
tarj_compliance,56,51854.66272137605,133587.91435413077
tarj_compliance,57,157440.37180400395,244771.71309738237
tarj_compliance,58,256883.33452300203,268244.6839148976
tarj_compliance,59,309144.912211422,710820.652024734
tarj_compliance,60,359088.3963007995,999616.2841502248
tarj_compliance,61,371082.697863762,1735340.7112434662
tarj_compliance,62,458790.3016126139,2290665.650475636
tarj_compliance,63,498151.5947427901,2331808.29287985
tarj_compliance,64,508197.2098879739,2163785.2258470296
tarj_compliance,65,511695.61517777696,1445499.7770889082
tarj_compliance,66,423263.7424605541,1144402.5849953701
tarj_compliance,67,371981.78269561194,752582.2016597459
tarj_compliance,68,345571.1629903741,545175.8117269495
tarj_compliance,69,307250.0277366781,165636.2801277552
tarj_compliance,70,209397.0946526461,162473.1231900829
tarj_compliance,71,91899.97207374002,134770.85864519997
tarj_compliance,72,34995.69862042802,93037.25656710009
tarj_compliance,73,18328.77873636,93037.25656710009
tarj_compliance,74,15798.761580177004,83066.77050030004
tarj_compliance,75,13151.121617097,83066.77050030004
tarj_compliance,76,11870.671349097,80861.55059430008
tarj_compliance,77,10805.948963271005,80861.55059430008
tarj_compliance,78,10648.628505207,80861.55059430008
tarj_compliance,79,17251.553690487002,86454.28598902005
tarj_compliance,80,24334.755790983,105099.02857909071
tarj_compliance,81,91647.31054818004,153015.78121721096
tarj_compliance,82,204138.0964830781,178077.6421077689
tarj_compliance,83,300877.489140192,234023.62141901875
tarj_compliance,84,333343.37021318416,788013.4049728739
tarj_compliance,85,375598.6934827936,1262146.0697626455
tarj_compliance,86,442094.3457105,2009383.4352200043
tarj_compliance,87,435795.4287680161,2193218.9388786
tarj_compliance,88,430440.07999800006,2038013.3034195
tarj_compliance,89,392215.5417945001,1298102.28810315
tarj_compliance,90,368626.2858013619,884428.5066902098
tarj_compliance,91,344822.31299197196,607826.6297940396
tarj_compliance,92,339061.9435191361,166023.5971309584
tarj_compliance,93,282318.4225504261,147836.69912579996
tarj_compliance,94,196401.301099002,145892.5837872001
tarj_compliance,95,88691.17069912807,134770.85864519997
tarj_compliance,96,34181.85158257198,93037.25656710009
tarj_compliance,97,18627.800025084,93037.25656710009
tarj_compliance,98,16254.345902148005,83066.77050030004
tarj_compliance,99,13387.102304193004,83066.77050030004
tarj_compliance,100,12058.894039995,80861.55059430008
tarj_compliance,101,10496.926634931004,80861.55059430008
tarj_compliance,102,9668.751498516003,80861.55059430008
tarj_compliance,103,12986.777924298003,83066.77050030004
tarj_compliance,104,21692.262118461003,93037.25656710009
tarj_compliance,105,46105.20933974396,108260.09596182004
tarj_compliance,106,130026.59628074394,138371.82762328003
tarj_compliance,107,214226.270856432,161684.30881000968
tarj_compliance,108,279500.28795198,200221.86475456803
tarj_compliance,109,295582.6278676259,692513.757948252
tarj_compliance,110,323747.9216742767,1016800.7688158173
tarj_compliance,111,313334.59077443107,1278685.4113778549
tarj_compliance,112,312224.9389280401,1278153.1625256
tarj_compliance,113,335265.58407967957,951631.9973271447
tarj_compliance,114,309212.7793797631,683838.640328007
tarj_compliance,115,296053.655142852,183163.22457996962
tarj_compliance,116,280515.83195142006,147836.69912579996
tarj_compliance,117,230508.93826605612,145892.5837872001
tarj_compliance,118,103623.46685972394,134770.85864519997
tarj_compliance,119,55560.36509625604,93037.25656710009
tarj_compliance,120,21944.747941676993,93037.25656710009
tarj_compliance,121,17383.758625770002,93037.25656710009
tarj_compliance,122,15573.085135857002,83066.77050030004
tarj_compliance,123,13724.217571473002,83066.77050030004
tarj_compliance,124,13249.446903387,83066.77050030004
tarj_compliance,125,13219.9493175,83066.77050030004
tarj_compliance,126,13749.501216519,83066.77050030004
tarj_compliance,127,17546.34354588,83066.77050030004
tarj_compliance,128,28795.46921360396,105899.40084999791
tarj_compliance,129,74558.0263299,149539.70731156797
tarj_compliance,130,172775.53322584805,162028.08462386648
tarj_compliance,131,250912.8398181781,205696.9156612855
tarj_compliance,132,327916.348125282,229067.08991770563
tarj_compliance,133,321904.0409272501,876393.8571552149
tarj_compliance,134,324217.525935441,1084562.2363564798
tarj_compliance,135,330520.1094405436,1225320.0118760373
tarj_compliance,136,329234.87672577763,1224656.3429135873
tarj_compliance,137,332981.856420852,879111.2813663593
tarj_compliance,138,324108.058127382,252808.3966393831
tarj_compliance,139,266882.1537589381,182452.88581431843
tarj_compliance,140,252910.247776812,163003.90030197368
tarj_compliance,141,208967.27268686396,145892.5837872001
tarj_compliance,142,123103.67048040002,134770.85864519997
tarj_compliance,143,44802.59880796802,93037.25656710009
tarj_compliance,144,20634.97773374399,93037.25656710009
tarj_compliance,145,16884.829468467004,83066.77050030004
tarj_compliance,146,14036.049193707,83066.77050030004
tarj_compliance,147,12470.455595466005,80861.55059430008
tarj_compliance,148,11225.938400423998,80861.55059430008
tarj_compliance,149,10501.140575772,80861.55059430008
tarj_compliance,150,9914.394648366006,80861.55059430008
tarj_compliance,151,11558.839726863,80861.55059430008
tarj_compliance,152,15811.455880170002,83066.77050030004
tarj_compliance,153,24039.23261153699,105340.26341220152
tarj_compliance,154,53673.825705408024,127775.40881193732
tarj_compliance,155,126732.40054001,168620.62117517192
tarj_compliance,156,190107.10677830636,301382.5078306335
tarj_compliance,157,218530.38509466004,356479.26722473
tarj_compliance,158,236298.5275829101,505409.88327930745
tarj_compliance,159,239975.15743941005,506427.24120293243
tarj_compliance,160,235244.56035738,588824.367365927
tarj_compliance,161,224021.21084547596,525588.261087702
tarj_compliance,162,188583.61756462333,317628.5317001001
tarj_compliance,163,136469.46518252394,227542.70757635514
tarj_compliance,164,122674.14588694808,203602.48296355677
tarj_compliance,165,72485.92893746392,149513.55160758717
tarj_compliance,166,45094.56323750396,93037.25656710009
tarj_compliance,167,20814.30005136899,93037.25656710009
tarj_compliance,168,15862.233080142,83066.77050030004
tarj_default,1,14069.760720435,83066.77050030004
tarj_default,2,11997.089574327,80861.55059430008
tarj_default,3,10614.916978478996,80861.55059430008
tarj_default,4,10686.553972776002,80861.55059430008
tarj_default,5,11480.179497831004,80861.55059430008
tarj_default,6,15891.473137703995,110107.49014793767
tarj_default,7,33714.49928513401,169018.99936808104
tarj_default,8,55293.15373519806,260425.73582415798
tarj_default,9,146461.0199956581,535896.0676908689
tarj_default,10,247755.274034864,722877.7992532238
tarj_default,11,295107.996109316,1225668.3816350438
tarj_default,12,299965.2608400782,2220071.823043705
tarj_default,13,347863.94913514826,4025764.8715258623
tarj_default,14,325617.6052045799,6268411.599898981
tarj_default,15,341271.72391164,7610928.5693154
tarj_default,16,338178.65984786395,7303891.40416706
tarj_default,17,395636.1834425638,4928064.837488692
tarj_default,18,406238.10838614,1880032.67876713
tarj_default,19,355039.587589166,994910.6421257945
tarj_default,20,355789.5320543882,518293.294626254
tarj_default,21,246133.3874447656,275861.6697311246
tarj_default,22,136013.28125686804,143022.22557444553
tarj_default,23,49426.969051614,100648.67626446007
tarj_default,24,21607.62198454199,93037.25656710009
tarj_default,25,15223.286647161003,83066.77050030004
tarj_default,26,12455.004479048996,80861.55059430008
tarj_default,27,10748.358438443998,80861.55059430008
tarj_default,28,10569.968276175,80861.55059430008
tarj_default,29,10985.743772487,80861.55059430008
tarj_default,30,15100.195104807,128046.39864745765
tarj_default,31,30051.29386709401,174776.65012110706
tarj_default,32,53979.31380228609,273945.564079386
tarj_default,33,150784.523298524,537722.3727958918
tarj_default,34,256311.23223014615,741564.382186636
tarj_default,35,306289.10125787003,1234799.80667943
tarj_default,36,357545.9455845121,2300440.0177540598
tarj_default,37,395554.0666975078,5470070.968722372
tarj_default,38,365619.0177363721,7662970.563776851
tarj_default,39,398964.8270323321,8086786.2751510795
tarj_default,40,408429.9923803441,7780766.83000764
tarj_default,41,466738.5054,5562811.13292111
tarj_default,42,415686.7419950001,3219764.033786494
tarj_default,43,410497.56428868417,1126906.8014786278
tarj_default,44,384624.3775120457,844962.6790425354
tarj_default,45,358996.652048811,302412.6217206309
tarj_default,46,192583.4706970561,147996.37417707607
tarj_default,47,61365.96548356802,100648.67626446007
tarj_default,48,23574.429164253,93037.25656710009
tarj_default,49,17048.444890599,83066.77050030004
tarj_default,50,14166.681359778002,83066.77050030004
tarj_default,51,12405.841835903995,80861.55059430008
tarj_default,52,12046.252217472,80861.55059430008
tarj_default,53,12129.126387345,80861.55059430008
tarj_default,54,16206.009681974998,128931.05030919205
tarj_default,55,34507.187795807986,169759.90827205204
tarj_default,56,62647.00780413609,290609.3049972435
tarj_default,57,168609.493055954,557675.7437944119
tarj_default,58,253501.964321922,841315.2685099446
tarj_default,59,313014.37156579597,1481043.9392871526
tarj_default,60,418801.9703797078,2501829.8100173264
tarj_default,61,204603.949479762,6522764.483233712
tarj_default,62,262196.59323038394,7911283.229697923
tarj_default,63,300212.42233806,8091487.9299366
tarj_default,64,310258.03748324397,7788071.358506845
tarj_default,65,370968.703193652,5573199.239019204
tarj_default,66,368087.29787015414,3725777.7274545496
tarj_default,67,422014.360815832,1134140.3993602537
tarj_default,68,379977.7669278917,843623.6037964813
tarj_default,69,363283.17272931914,303109.4482111689
tarj_default,70,209397.0946526461,165426.24050319637
tarj_default,71,91899.97207374002,135881.15220475497
tarj_default,72,34995.69862042802,93037.25656710009
tarj_default,73,18328.77873636,93037.25656710009
tarj_default,74,15798.761580177004,83066.77050030004
tarj_default,75,13151.121617097,83066.77050030004
tarj_default,76,11870.671349097,80861.55059430008
tarj_default,77,10805.948963271005,80861.55059430008
tarj_default,78,12842.099288757,82162.81605206004
tarj_default,79,26150.6312753166,135068.6036158001
tarj_default,80,41236.630502124026,243139.1061213521
tarj_default,81,95868.75663919502,478313.28576705494
tarj_default,82,212266.14970753808,722927.378441758
tarj_default,83,272609.35397223604,1202508.9108458157
tarj_default,84,330147.3873352442,2237689.353032274
tarj_default,85,261760.09185447608,4500050.888772728
tarj_default,86,211834.225326402,7065148.4076404525
tarj_default,87,217150.94365958415,7614875.866300501
tarj_default,88,211754.05918834195,7298126.42367386
tarj_default,89,278185.74093375,4940230.395484961
tarj_default,90,423865.83632482786,1896837.6918700219
tarj_default,91,373948.521516392,1079542.9351354467
tarj_default,92,372961.4371901582,523726.162252664
tarj_default,93,269314.5294588511,298987.2577671429
tarj_default,94,196401.301099002,148092.98383717457
tarj_default,95,88691.17069912807,134035.55792693998
tarj_default,96,34181.85158257198,93037.25656710009
tarj_default,97,18627.800025084,93037.25656710009
tarj_default,98,16254.345902148005,83066.77050030004
tarj_default,99,13387.102304193004,83066.77050030004
tarj_default,100,12058.894039995,80861.55059430008
tarj_default,101,10496.926634931004,80861.55059430008
tarj_default,102,9668.751498516003,81512.18332318006
tarj_default,103,21745.348910196015,113126.43735222325
tarj_default,104,32586.117063534,175837.6182963408
tarj_default,105,49651.15108316701,307891.9336547186
tarj_default,106,112223.99008869597,483365.1547816039
tarj_default,107,222396.201101952,661304.6695430559
tarj_default,108,244143.37641393003,1107615.1817838948
tarj_default,109,300427.21301149204,1777870.9454094518
tarj_default,110,742055.4368815003,3097036.6330022337
tarj_default,111,802665.34343975,3275860.2687217523
tarj_default,112,802665.34343975,3273479.8031939594
tarj_default,113,840681.7377405002,2791127.155888823
tarj_default,114,342338.20101016,1678350.642528249
tarj_default,115,329542.46982438606,991588.0667946448
tarj_default,116,274102.18425418506,703753.7311596049
tarj_default,117,226863.52072883115,320175.7348551852
tarj_default,118,103623.46685972394,137692.20255620652
tarj_default,119,56384.18363085606,108260.09596182004
tarj_default,120,21944.747941676993,93037.25656710009
tarj_default,121,17383.758625770002,93037.25656710009
tarj_default,122,15573.085135857002,83066.77050030004
tarj_default,123,13724.217571473002,83066.77050030004
tarj_default,124,13249.446903387,83066.77050030004
tarj_default,125,13219.9493175,83066.77050030004
tarj_default,126,15574.115637878998,86454.28598902006
tarj_default,127,31117.96071617401,141576.33778288303
tarj_default,128,44232.030495732,218151.13303552824
tarj_default,129,87618.99837811507,337953.60869084793
tarj_default,130,220631.3488463581,522410.536084792
tarj_default,131,266931.08588213805,742364.997020102
tarj_default,132,331820.56724948995,1409704.6683153363
tarj_default,133,593138.6508933402,3298564.77798198
tarj_default,134,742055.4368815003,3414993.103265696
tarj_default,135,741094.8398255003,3467094.6295882026
tarj_default,136,741094.8398255003,3464354.0245153345
tarj_default,137,704420.2036095241,3022420.1929875887
tarj_default,138,333674.11908872856,1347762.3466139992
tarj_default,139,306151.5591528031,700658.7860906115
tarj_default,140,241809.88414189953,471194.89097673504
tarj_default,141,208967.27268686396,314082.0463922488
tarj_default,142,123103.67048040002,169130.18954298695
tarj_default,143,44802.59880796802,99183.23782608006
tarj_default,144,20634.97773374399,93037.25656710009
tarj_default,145,16884.829468467004,83066.77050030004
tarj_default,146,14036.049193707,83066.77050030004
tarj_default,147,12470.455595466005,80861.55059430008
tarj_default,148,11225.938400423998,80861.55059430008
tarj_default,149,10501.140575772,80861.55059430008
tarj_default,150,9914.394648366006,81512.18332318006
tarj_default,151,20342.3780158434,130624.66227432492
tarj_default,152,27995.162917896003,156176.16440683804
tarj_default,153,38652.861062142,294334.8926686466
tarj_default,154,82289.21781956704,427618.76348470745
tarj_default,155,122416.58747640003,979479.33792788
tarj_default,156,224722.04135357996,1450953.79552367
tarj_default,157,317510.1898266,2146015.1422957
tarj_default,158,418194.529389645,2549615.0690793376
tarj_default,159,501280.2330735199,2648382.518866445
tarj_default,160,495923.11602904386,2562752.781190615
tarj_default,161,486308.9587395478,2156026.402611654
tarj_default,162,303987.67767699994,1197969.862216748
tarj_default,163,220557.16240132792,615474.6175123048
tarj_default,164,199119.95882223308,428855.84114110004
tarj_default,165,107851.598386056,259371.6575907876
tarj_default,166,90466.44544343394,158963.7659584268
tarj_default,167,25523.99069243391,98867.1835167601
tarj_default,168,15862.233080142,83066.77050030004
tarj_guided_profit,1,14069.760720435,83066.77050030004
tarj_guided_profit,2,11997.089574327,80861.55059430008
tarj_guided_profit,3,10614.916978478996,80861.55059430008
tarj_guided_profit,4,10686.553972776002,80861.55059430008
tarj_guided_profit,5,13797.846960381004,80861.55059430008
tarj_guided_profit,6,13260.7478682432,137965.38653669404
tarj_guided_profit,7,27311.966024503505,246146.2378016777
tarj_guided_profit,8,63409.61134101904,394565.58178572607
tarj_guided_profit,9,171300.32507268607,636537.9858567719
tarj_guided_profit,10,258991.72883218795,841868.607176488
tarj_guided_profit,11,312459.2582173081,1319334.3334015717
tarj_guided_profit,12,287497.6110400082,2607924.015112059
tarj_guided_profit,13,195574.62856747827,4360359.902478282
tarj_guided_profit,14,121063.69240937987,6420786.550092421
tarj_guided_profit,15,110405.599884,7282531.2675099
tarj_guided_profit,16,107051.88139289992,6943513.85714925
tarj_guided_profit,17,229157.43505856383,4562841.512247108
tarj_guided_profit,18,314008.26329856005,2464717.2717311997
tarj_guided_profit,19,365551.611397962,935812.5047005378
tarj_guided_profit,20,364214.71169856616,527203.0471717269
tarj_guided_profit,21,308342.5798966501,312026.381948803
tarj_guided_profit,22,142490.14751266266,182979.1653984992
tarj_guided_profit,23,55703.539960739974,93037.25656710009
tarj_guided_profit,24,18232.866247524,93037.25656710009
tarj_guided_profit,25,15223.286647161003,83066.77050030004
tarj_guided_profit,26,12455.004479048996,80861.55059430008
tarj_guided_profit,27,10748.358438443998,80861.55059430008
tarj_guided_profit,28,10569.968276175,80861.55059430008
tarj_guided_profit,29,13303.411235036998,80861.55059430008
tarj_guided_profit,30,12627.725441925602,137174.10850379706
tarj_guided_profit,31,26291.687877006,244406.81132071518
tarj_guided_profit,32,62147.41623558306,394100.7783384421
tarj_guided_profit,33,175363.792016208,638434.5788276158
tarj_guided_profit,34,267028.0127488321,846368.7762780321
tarj_guided_profit,35,322301.9095559101,1328332.18752565
tarj_guided_profit,36,304465.28435803205,2859454.23545538
tarj_guided_profit,37,229075.31831350783,4865129.402974788
tarj_guided_profit,38,125274.74115870013,7001219.579740951
tarj_guided_profit,39,179395.60727088014,7737998.797956
tarj_guided_profit,40,189806.4142959599,7422178.876340339
tarj_guided_profit,41,286639.521219,5221684.999938871
tarj_guided_profit,42,330155.71667589893,2949818.7793411617
tarj_guided_profit,43,376844.9712969542,1766870.96606172
tarj_guided_profit,44,369868.29457333824,1105301.2945029046
tarj_guided_profit,45,348626.288564394,343067.6521202928
tarj_guided_profit,46,192583.4706970561,211394.36538616332
tarj_guided_profit,47,76913.07135636003,93037.25656710009
tarj_guided_profit,48,21207.374571602995,93037.25656710009
tarj_guided_profit,49,17048.444890599,83066.77050030004
tarj_guided_profit,50,14166.681359778002,83066.77050030004
tarj_guided_profit,51,12405.841835903995,80861.55059430008
tarj_guided_profit,52,12046.252217472,80861.55059430008
tarj_guided_profit,53,12129.126387345,80861.55059430008
tarj_guided_profit,54,13512.37710366,138279.92308096506
tarj_guided_profit,55,27903.096250166986,247154.02922673017
tarj_guided_profit,56,59682.05375195253,395268.03033052955
tarj_guided_profit,57,194625.80481211797,644638.8423438359
tarj_guided_profit,58,288142.364785308,834079.8024920209
tarj_guided_profit,59,365537.785139505,1801007.098300623
tarj_guided_profit,60,494582.2424402401,2892829.1920987046
tarj_guided_profit,61,123089.23878742778,6122283.119926596
tarj_guided_profit,62,136428.78542522393,7570606.97657898
tarj_guided_profit,63,180738.9372095999,7742476.5644184
tarj_guided_profit,64,191943.53010755996,7428946.409743739
tarj_guided_profit,65,290553.269940612,6263423.183339173
tarj_guided_profit,66,324467.97077379597,4742003.127532644
tarj_guided_profit,67,604178.3248720202,1774415.2029497097
tarj_guided_profit,68,564331.302417495,1139596.4801225476
tarj_guided_profit,69,352784.5278751261,343632.09014730726
tarj_guided_profit,70,209397.0946526461,212214.7413987313
tarj_guided_profit,71,94538.8813407,134770.85864519997
tarj_guided_profit,72,34995.69862042802,93037.25656710009
tarj_guided_profit,73,18328.77873636,93037.25656710009
tarj_guided_profit,74,15798.761580177004,83066.77050030004
tarj_guided_profit,75,13151.121617097,83066.77050030004
tarj_guided_profit,76,11870.671349097,80861.55059430008
tarj_guided_profit,77,10805.948963271005,80861.55059430008
tarj_guided_profit,78,8055.369311655598,131992.10411204718
tarj_guided_profit,79,20975.165168170497,222002.35772924256
tarj_guided_profit,80,63536.04900234902,377942.40294188855
tarj_guided_profit,81,96812.58628866,599908.1976125699
tarj_guided_profit,82,203076.90019451408,824718.0598070361
tarj_guided_profit,83,276571.35864292807,1257312.539512436
tarj_guided_profit,84,450344.58225547825,2827691.8006793847
tarj_guided_profit,85,193639.91019450605,5131348.617140694
tarj_guided_profit,86,136537.68900330004,6638848.927263852
tarj_guided_profit,87,116902.97149739998,7080168.59166114
tarj_guided_profit,88,105330.5037602999,6925145.866229364
tarj_guided_profit,89,234166.55650697983,5833549.289678341
tarj_guided_profit,90,492944.77045134007,2483329.93414416
tarj_guided_profit,91,496139.96422362,1688028.6452622057
tarj_guided_profit,92,380358.8203174562,577200.330516428
tarj_guided_profit,93,331678.3778728501,345107.2488243545
tarj_guided_profit,94,196401.301099002,211580.6462551825
tarj_guided_profit,95,92756.21391036003,134770.85864519997
tarj_guided_profit,96,34181.85158257198,93037.25656710009
tarj_guided_profit,97,18627.800025084,93037.25656710009
tarj_guided_profit,98,16254.345902148005,83066.77050030004
tarj_guided_profit,99,13387.102304193004,83066.77050030004
tarj_guided_profit,100,12058.894039995,80861.55059430008
tarj_guided_profit,101,10496.926634931004,80861.55059430008
tarj_guided_profit,102,9668.751498516003,90895.78652488929
tarj_guided_profit,103,22999.214947082404,136882.13960395806
tarj_guided_profit,104,32978.1781466418,209096.60397080134
tarj_guided_profit,105,57845.79321947249,335467.19378001004
tarj_guided_profit,106,166333.86547504796,578442.076566628
tarj_guided_profit,107,246066.904254084,751433.715977336
tarj_guided_profit,108,278089.5380695801,1097429.1387433899
tarj_guided_profit,109,362044.1428603679,2118637.6630858798
tarj_guided_profit,110,457328.0666674801,3239574.3989677187
tarj_guided_profit,111,343257.70266603003,4260847.244823642
tarj_guided_profit,112,343881.7122618,4257866.69620642
tarj_guided_profit,113,453203.40749544016,3258215.7165036444
tarj_guided_profit,114,242918.04225698413,2125780.5814374597
tarj_guided_profit,115,272252.41232806805,876811.4948002938
tarj_guided_profit,116,257827.03064646004,590087.7000223049
tarj_guided_profit,117,222050.42979963133,328705.5245030689
tarj_guided_profit,118,103623.46685972394,180191.18034656905
tarj_guided_profit,119,55560.36509625604,100648.67626446007
tarj_guided_profit,120,21944.747941676993,93037.25656710009
tarj_guided_profit,121,17383.758625770002,93037.25656710009
tarj_guided_profit,122,15573.085135857002,83066.77050030004
tarj_guided_profit,123,13724.217571473002,83066.77050030004
tarj_guided_profit,124,13249.446903387,83066.77050030004
tarj_guided_profit,125,13219.9493175,83066.77050030004
tarj_guided_profit,126,13065.039518918997,128425.53507391525
tarj_guided_profit,127,27382.66991301,196255.72067528404
tarj_guided_profit,128,51497.7831755475,327483.85264641006
tarj_guided_profit,129,77079.0245526,551621.0696682599
tarj_guided_profit,130,174315.01928276411,727601.645880084
tarj_guided_profit,131,247286.688623154,1084556.7022490166
tarj_guided_profit,132,273174.95964239404,1361135.0791495799
tarj_guided_profit,133,272684.14874970017,3138474.9460877897
tarj_guided_profit,134,306946.1796868801,3824700.5794155756
tarj_guided_profit,135,303560.5957098301,4111095.093785206
tarj_guided_profit,136,304250.9893051501,4107981.5626102695
tarj_guided_profit,137,385026.3177121141,2997598.1798506817
tarj_guided_profit,138,318028.42583383806,1234401.3420072577
tarj_guided_profit,139,294438.14011612214,744842.7744173525
tarj_guided_profit,140,282552.110166444,535057.4117279961
tarj_guided_profit,141,200771.53127408875,300518.8423283664
tarj_guided_profit,142,123103.67048040002,166076.25112523095
tarj_guided_profit,143,49294.35926236802,100648.67626446007
tarj_guided_profit,144,20634.97773374399,93037.25656710009
tarj_guided_profit,145,16884.829468467004,83066.77050030004
tarj_guided_profit,146,14036.049193707,83066.77050030004
tarj_guided_profit,147,12470.455595466005,80861.55059430008
tarj_guided_profit,148,11225.938400423998,80861.55059430008
tarj_guided_profit,149,10501.140575772,80861.55059430008
tarj_guided_profit,150,9914.394648366006,111437.06267994273
tarj_guided_profit,151,43460.0574695694,181010.72969194702
tarj_guided_profit,152,54176.451414569994,286190.46905248007
tarj_guided_profit,153,74669.0957697795,387356.2162483216
tarj_guided_profit,154,77049.77885856901,646717.0807670235
tarj_guided_profit,155,228705.60326442,825863.3910972599
tarj_guided_profit,156,311061.86035252496,1210798.605313936
tarj_guided_profit,157,352746.26480249997,1926645.51850138
tarj_guided_profit,158,301503.72183708,2497051.281730515
tarj_guided_profit,159,300112.71903228003,2598093.7236436103
tarj_guided_profit,160,301902.47597445606,2589358.802474752
tarj_guided_profit,161,307029.37085954397,2275882.6443709238
tarj_guided_profit,162,310112.37091074005,1349878.1559518962
tarj_guided_profit,163,102985.60204570791,872680.3622346934
tarj_guided_profit,164,113032.939229352,632634.0005192169
tarj_guided_profit,165,102633.5693384448,359765.6575283201
tarj_guided_profit,166,45094.56323750396,179248.2138621229
tarj_guided_profit,167,20814.30005136899,117600.45853929572
tarj_guided_profit,168,15862.233080142,83066.77050030004
tarj_profit_max,1,14069.760720435,83066.77050030004
tarj_profit_max,2,11997.089574327,80861.55059430008
tarj_profit_max,3,10614.916978478996,80861.55059430008
tarj_profit_max,4,10686.553972776002,80861.55059430008
tarj_profit_max,5,11480.179497831004,80861.55059430008
tarj_profit_max,6,15891.473137703995,128679.42107377526
tarj_profit_max,7,31419.45731078401,228701.11475623064
tarj_profit_max,8,53939.84439019806,381893.733554296
tarj_profit_max,9,171300.32507268607,597625.6534126799
tarj_profit_max,10,246312.26228876392,971260.7884076519
tarj_profit_max,11,282455.2669995661,1560261.4212004459
tarj_profit_max,12,330104.5937077082,2573113.450264968
tarj_profit_max,13,168104.62712797208,5245045.580108737
tarj_profit_max,14,99557.33741802003,7944536.052026821
tarj_profit_max,15,118450.08200857491,10566504.285564901
tarj_profit_max,16,120685.89433597495,10549735.6931094
tarj_profit_max,17,109674.51392893202,7587690.027251269
tarj_profit_max,18,494704.0601406001,3143372.8873485196
tarj_profit_max,19,355028.46582966606,1493957.355525886
tarj_profit_max,20,343556.7807081662,915377.9951306779
tarj_profit_max,21,235023.9625659901,535353.479665867
tarj_profit_max,22,129869.95639715769,271486.02367337677
tarj_profit_max,23,49426.969051614,120552.05847978
tarj_profit_max,24,21607.62198454199,92436.5776291001
tarj_profit_max,25,15223.286647161003,83066.77050030004
tarj_profit_max,26,12455.004479048996,80861.55059430008
tarj_profit_max,27,10748.358438443998,80861.55059430008
tarj_profit_max,28,10569.968276175,80861.55059430008
tarj_profit_max,29,10985.743772487,80861.55059430008
tarj_profit_max,30,12627.725441925602,153406.30990484616
tarj_profit_max,31,30051.29386709401,226999.27102081315
tarj_profit_max,32,52626.004457286086,404475.94160687603
tarj_profit_max,33,175363.792016208,599598.5848389597
tarj_profit_max,34,254868.22048404615,977297.9324651981
tarj_profit_max,35,293636.3721481201,1571587.782401725
tarj_profit_max,36,347072.2670257321,2608602.8214481194
tarj_profit_max,37,107760.77971030772,6377483.317343749
tarj_profit_max,38,104395.6176322501,9151910.277857626
tarj_profit_max,39,149496.33939240014,11225873.5699068
tarj_profit_max,40,158172.0119132999,11277927.605032198
tarj_profit_max,41,152957.3062833,8655995.06589177
tarj_profit_max,42,224774.15723988396,4935155.23638708
tarj_profit_max,43,419451.95396465424,1707921.10789256
tarj_profit_max,44,348112.07135955326,1219925.507123253
tarj_profit_max,45,348626.288564394,591063.0970697055
tarj_profit_max,46,184587.5802828313,294397.62343899923
tarj_profit_max,47,61365.96548356802,120552.05847978
tarj_profit_max,48,23574.429164253,92436.5776291001
tarj_profit_max,49,17048.444890599,83066.77050030004
tarj_profit_max,50,14166.681359778002,83066.77050030004
tarj_profit_max,51,12405.841835903995,80861.55059430008
tarj_profit_max,52,12046.252217472,80861.55059430008
tarj_profit_max,53,12129.126387345,80861.55059430008
tarj_profit_max,54,16206.009681974998,128931.05030919205
tarj_profit_max,55,32212.14582145799,229687.13143592613
tarj_profit_max,56,94216.89891474613,384659.495116847
tarj_profit_max,57,192116.68204651796,607732.6003683598
tarj_profit_max,58,263657.40431632195,1076661.1619471575
tarj_profit_max,59,264275.327970546,1944783.0378111189
tarj_profit_max,60,492672.7097543701,3043745.197246678
tarj_profit_max,61,98169.23292445212,8353346.042295344
tarj_profit_max,62,113690.65452101995,10466355.128090004
tarj_profit_max,63,150615.78100799996,11232590.2196004
tarj_profit_max,64,159952.94175629996,11288613.184090199
tarj_profit_max,65,106369.59498361209,8671425.35145026
tarj_profit_max,66,88265.59508754604,6364154.295917881
tarj_profit_max,67,387374.859030792,1784508.91368113
tarj_profit_max,68,343673.4639739891,1267901.184041687
tarj_profit_max,69,352784.5278751261,564292.1997107634
tarj_profit_max,70,262014.67619340908,297022.8772888823
tarj_profit_max,71,92026.00658272502,136851.51980720492
tarj_profit_max,72,34995.69862042802,108260.09596182004
tarj_profit_max,73,18328.77873636,93037.25656710009
tarj_profit_max,74,15798.761580177004,83066.77050030004
tarj_profit_max,75,13151.121617097,83066.77050030004
tarj_profit_max,76,11870.671349097,80861.55059430008
tarj_profit_max,77,10805.948963271005,80861.55059430008
tarj_profit_max,78,13692.022884111528,124188.26799194976
tarj_profit_max,79,26260.83507682797,265494.3021339195
tarj_profit_max,80,39030.10723392304,448107.8857366955
tarj_profit_max,81,100882.63647402002,691772.4687794698
tarj_profit_max,82,212266.14970753808,1124952.796607132
tarj_profit_max,83,403395.57291193213,1807134.6773673117
tarj_profit_max,84,548491.2838278483,3424965.372358945
tarj_profit_max,85,176356.69433128505,7239530.063956815
tarj_profit_max,86,139280.90034184203,9822838.39259706
tarj_profit_max,87,117698.21591617489,10572143.281257901
tarj_profit_max,88,121833.479424375,10541128.8049464
tarj_profit_max,89,98774.30469884996,8157379.817906121
tarj_profit_max,90,334904.4964238401,3727715.174388653
tarj_profit_max,91,274601.77286539203,2182575.704562152
tarj_profit_max,92,348805.2641188082,1173877.134493384
tarj_profit_max,93,319065.13497261616,726073.028468933
tarj_profit_max,94,186957.9817719012,383437.3186149252
tarj_profit_max,95,92756.21391036003,132415.48412827798
tarj_profit_max,96,34181.85158257198,99680.54712764529
tarj_profit_max,97,18627.800025084,93037.25656710009
tarj_profit_max,98,16254.345902148005,83066.77050030004
tarj_profit_max,99,13387.102304193004,83066.77050030004
tarj_profit_max,100,12058.894039995,80861.55059430008
tarj_profit_max,101,10496.926634931004,80861.55059430008
tarj_profit_max,102,9668.751498516003,80861.55059430008
tarj_profit_max,103,22999.214947082404,136882.13960395806
tarj_profit_max,104,47324.14761650881,191682.47700415432
tarj_profit_max,105,88085.27428521148,291225.14366725803
tarj_profit_max,106,108996.177098508,520478.20877077186
tarj_profit_max,107,246066.904254084,774067.461440328
tarj_profit_max,108,260972.35138614007,1594052.5710527098
tarj_profit_max,109,271718.3584675478,2382513.7210427998
tarj_profit_max,110,682074.3769858803,4410385.732075343
tarj_profit_max,111,734846.78785977,4512259.508065395
tarj_profit_max,112,735262.79425695,4508944.924574019
tarj_profit_max,113,754045.6964980053,4009164.2720583086
tarj_profit_max,114,497560.58181399,2433082.6265708795
tarj_profit_max,115,521242.76802077994,1434707.5169975518
tarj_profit_max,116,307241.85330174,787491.62915438
tarj_profit_max,117,209362.66709999417,478610.516522284
tarj_profit_max,118,96820.24659988076,242440.29659058357
tarj_profit_max,119,60052.12555065605,105329.21908506003
tarj_profit_max,120,21944.747941676993,93037.25656710009
tarj_profit_max,121,17383.758625770002,93037.25656710009
tarj_profit_max,122,15573.085135857002,83066.77050030004
tarj_profit_max,123,13724.217571473002,83066.77050030004
tarj_profit_max,124,13249.446903387,83066.77050030004
tarj_profit_max,125,13219.9493175,83066.77050030004
tarj_profit_max,126,16258.577335479002,106593.03165928765
tarj_profit_max,127,31117.96071617401,156419.27638174302
tarj_profit_max,128,51497.7831755475,264970.0415083845
tarj_profit_max,129,101674.33146114004,508747.8688597999
tarj_profit_max,130,205938.61752615607,733362.373979152
tarj_profit_max,131,290823.673515696,1094198.1572911676
tarj_profit_max,132,424145.4297129722,1991667.129877748
tarj_profit_max,133,540088.0805507402,4651707.984112989
tarj_profit_max,134,681906.2041870203,4740396.66515381
tarj_profit_max,135,679649.1482023203,4788619.089396846
tarj_profit_max,136,680109.4105992003,4784760.734676469
tarj_profit_max,137,548225.7198416641,4625543.619832967
tarj_profit_max,138,421131.5903025722,1967945.452236854
tarj_profit_max,139,260045.94250746607,1422293.9365049298
tarj_profit_max,140,282552.110166444,710613.012104514
tarj_profit_max,141,228713.82404536393,434841.3799800191
tarj_profit_max,142,182609.3848518901,229773.43984359596
tarj_profit_max,143,107011.15265662808,105329.21908506003
tarj_profit_max,144,27242.734733483907,93037.25656710009
tarj_profit_max,145,16884.829468467004,83066.77050030004
tarj_profit_max,146,14036.049193707,83066.77050030004
tarj_profit_max,147,12470.455595466005,80861.55059430008
tarj_profit_max,148,11225.938400423998,80861.55059430008
tarj_profit_max,149,10501.140575772,80861.55059430008
tarj_profit_max,150,9914.394648366006,80861.55059430008
tarj_profit_max,151,22993.48277472601,122819.47875026254
tarj_profit_max,152,27995.162917896003,151122.18787962507
tarj_profit_max,153,46565.60866394849,564827.3390202087
tarj_profit_max,154,91469.4450634305,666463.6585840671
tarj_profit_max,155,196944.03436668008,917966.9094831898
tarj_profit_max,156,358938.152830704,1544606.2581267918
tarj_profit_max,157,619994.4043729501,2379809.9100948
tarj_profit_max,158,581620.82904387,2797247.67867092
tarj_profit_max,159,585784.39151367,2804611.8993867203
tarj_profit_max,160,580427.2744691939,2668108.82411078
tarj_profit_max,161,626211.9909945179,2270177.4629714238
tarj_profit_max,162,587353.325744544,1547519.901374748
tarj_profit_max,163,214146.518124219,1109946.142616255
tarj_profit_max,164,182850.84964724703,748091.480828107
tarj_profit_max,165,149763.14899936074,310100.2896666524
tarj_profit_max,166,108929.35889648391,170429.2519090545
tarj_profit_max,167,30254.50419923391,98867.1835167601
tarj_profit_max,168,15862.233080142,83066.77050030004
